hours_since_quake,D,near_delta,n_r_bins,t_hours,D_peak,t_peak_hours,D_norm,short_name,slug,name,disaster_type,event_type
-8.0,0.03729567155977703,-0.038597639132821965,16,-8.0,0.11597337415204326,448.0,0.32158822516349067,flooding_in_central_an,flooding_in_central_and_eastern_europe_sept_16_2024,Flooding In Central And Eastern Europe Sept 16 2024,flood,INFL
16.0,0.020307858557612905,-0.005067511555460159,16,16.0,0.11597337415204326,448.0,0.17510793926706766,flooding_in_central_an,flooding_in_central_and_eastern_europe_sept_16_2024,Flooding In Central And Eastern Europe Sept 16 2024,flood,INFL
40.0,0.022668086118456353,-0.003633516865867042,16,40.0,0.11597337415204326,448.0,0.1954593999200029,flooding_in_central_an,flooding_in_central_and_eastern_europe_sept_16_2024,Flooding In Central And Eastern Europe Sept 16 2024,flood,INFL
64.0,0.03414997501914279,0.02007540310976826,16,64.0,0.11597337415204326,448.0,0.2944639256108177,flooding_in_central_an,flooding_in_central_and_eastern_europe_sept_16_2024,Flooding In Central And Eastern Europe Sept 16 2024,flood,INFL
88.0,0.06421582833600357,0.054260214468358575,16,88.0,0.11597337415204326,448.0,0.5537118222654747,flooding_in_central_an,flooding_in_central_and_eastern_europe_sept_16_2024,Flooding In Central And Eastern Europe Sept 16 2024,flood,INFL
112.0,0.06781595365424167,0.05575734398851622,16,112.0,0.11597337415204326,448.0,0.5847545106804748,flooding_in_central_an,flooding_in_central_and_eastern_europe_sept_16_2024,Flooding In Central And Eastern Europe Sept 16 2024,flood,INFL
136.0,0.0664401204397705,0.05576751216960717,16,136.0,0.11597337415204326,448.0,0.5728911564879217,flooding_in_central_an,flooding_in_central_and_eastern_europe_sept_16_2024,Flooding In Central And Eastern Europe Sept 16 2024,flood,INFL
160.0,0.06383095118928518,0.05304499185663087,16,160.0,0.11597337415204326,448.0,0.5503931540838125,flooding_in_central_an,flooding_in_central_and_eastern_europe_sept_16_2024,Flooding In Central And Eastern Europe Sept 16 2024,flood,INFL
184.0,0.06657883387202325,0.0562279616165343,16,184.0,0.11597337415204326,448.0,0.5740872364784106,flooding_in_central_an,flooding_in_central_and_eastern_europe_sept_16_2024,Flooding In Central And Eastern Europe Sept 16 2024,flood,INFL
208.0,0.07855421663522508,0.07072133052740538,16,208.0,0.11597337415204326,448.0,0.6773469963220957,flooding_in_central_an,flooding_in_central_and_eastern_europe_sept_16_2024,Flooding In Central And Eastern Europe Sept 16 2024,flood,INFL
232.0,0.08440871688441184,0.07442833500193073,16,232.0,0.11597337415204326,448.0,0.7278284132162133,flooding_in_central_an,flooding_in_central_and_eastern_europe_sept_16_2024,Flooding In Central And Eastern Europe Sept 16 2024,flood,INFL
256.0,0.09574858679997,0.08499212724928168,16,256.0,0.11597337415204326,448.0,0.825608356228748,flooding_in_central_an,flooding_in_central_and_eastern_europe_sept_16_2024,Flooding In Central And Eastern Europe Sept 16 2024,flood,INFL
280.0,0.10956472923609277,0.09659186072172127,16,280.0,0.11597337415204326,448.0,0.9447403771528745,flooding_in_central_an,flooding_in_central_and_eastern_europe_sept_16_2024,Flooding In Central And Eastern Europe Sept 16 2024,flood,INFL
304.0,0.09769589560596405,0.08667221132537772,16,304.0,0.11597337415204326,448.0,0.8423993551992625,flooding_in_central_an,flooding_in_central_and_eastern_europe_sept_16_2024,Flooding In Central And Eastern Europe Sept 16 2024,flood,INFL
328.0,0.0924305420997529,0.0802385591338678,16,328.0,0.11597337415204326,448.0,0.7969979555701703,flooding_in_central_an,flooding_in_central_and_eastern_europe_sept_16_2024,Flooding In Central And Eastern Europe Sept 16 2024,flood,INFL
352.0,0.09029764669831494,0.08020090044892819,16,352.0,0.11597337415204326,448.0,0.7786067048453126,flooding_in_central_an,flooding_in_central_and_eastern_europe_sept_16_2024,Flooding In Central And Eastern Europe Sept 16 2024,flood,INFL
376.0,0.0981267017512879,0.08808798308757185,16,376.0,0.11597337415204326,448.0,0.8461140539262225,flooding_in_central_an,flooding_in_central_and_eastern_europe_sept_16_2024,Flooding In Central And Eastern Europe Sept 16 2024,flood,INFL
400.0,0.1011065861707669,0.0899251454242716,16,400.0,0.11597337415204326,448.0,0.8718086104679017,flooding_in_central_an,flooding_in_central_and_eastern_europe_sept_16_2024,Flooding In Central And Eastern Europe Sept 16 2024,flood,INFL
424.0,0.11241924390921196,0.10262282400348077,16,424.0,0.11597337415204326,448.0,0.9693539118886739,flooding_in_central_an,flooding_in_central_and_eastern_europe_sept_16_2024,Flooding In Central And Eastern Europe Sept 16 2024,flood,INFL
448.0,0.11597337415204326,0.1031305278570189,16,448.0,0.11597337415204326,448.0,1.0,flooding_in_central_an,flooding_in_central_and_eastern_europe_sept_16_2024,Flooding In Central And Eastern Europe Sept 16 2024,flood,INFL
472.0,0.10248045462148406,0.09017324920177111,16,472.0,0.11597337415204326,448.0,0.8836550231532478,flooding_in_central_an,flooding_in_central_and_eastern_europe_sept_16_2024,Flooding In Central And Eastern Europe Sept 16 2024,flood,INFL
496.0,0.09901007148117993,0.08825695315151509,16,496.0,0.11597337415204326,448.0,0.8537310585736333,flooding_in_central_an,flooding_in_central_and_eastern_europe_sept_16_2024,Flooding In Central And Eastern Europe Sept 16 2024,flood,INFL
520.0,0.09723727887877169,0.08777516493288001,16,520.0,0.11597337415204326,448.0,0.8384448550344996,flooding_in_central_an,flooding_in_central_and_eastern_europe_sept_16_2024,Flooding In Central And Eastern Europe Sept 16 2024,flood,INFL
544.0,0.09898659386258088,0.08851373051849976,16,544.0,0.11597337415204326,448.0,0.8535286188432148,flooding_in_central_an,flooding_in_central_and_eastern_europe_sept_16_2024,Flooding In Central And Eastern Europe Sept 16 2024,flood,INFL
568.0,0.1027209947406377,0.09067173554017854,16,568.0,0.11597337415204326,448.0,0.8857291209443346,flooding_in_central_an,flooding_in_central_and_eastern_europe_sept_16_2024,Flooding In Central And Eastern Europe Sept 16 2024,flood,INFL
592.0,0.10487937478175757,0.08922664237508382,16,592.0,0.11597337415204326,448.0,0.9043401172777706,flooding_in_central_an,flooding_in_central_and_eastern_europe_sept_16_2024,Flooding In Central And Eastern Europe Sept 16 2024,flood,INFL
616.0,0.11140187317877404,0.09772421054020652,16,616.0,0.11597337415204326,448.0,0.9605814609888309,flooding_in_central_an,flooding_in_central_and_eastern_europe_sept_16_2024,Flooding In Central And Eastern Europe Sept 16 2024,flood,INFL
-8.0,0.1764812144614291,-0.2213006339569819,16,-8.0,0.1764812144614291,-8.0,1.0,beryl_qr,hurricane_beryl_across_quintana_roo_and_yucatan_mexico,"Hurricane Beryl Across Quintana Roo and Yucatan, Mexico",hurricane,EVAC
16.0,0.04288903786965202,-0.031716770950825715,16,16.0,0.1764812144614291,-8.0,0.24302324754811594,beryl_qr,hurricane_beryl_across_quintana_roo_and_yucatan_mexico,"Hurricane Beryl Across Quintana Roo and Yucatan, Mexico",hurricane,EVAC
40.0,0.03570498329390078,-0.04481220983053529,16,40.0,0.1764812144614291,-8.0,0.20231605614717874,beryl_qr,hurricane_beryl_across_quintana_roo_and_yucatan_mexico,"Hurricane Beryl Across Quintana Roo and Yucatan, Mexico",hurricane,EVAC
64.0,0.02417450758687792,-0.004978550865871598,16,64.0,0.1764812144614291,-8.0,0.13698062799857594,beryl_qr,hurricane_beryl_across_quintana_roo_and_yucatan_mexico,"Hurricane Beryl Across Quintana Roo and Yucatan, Mexico",hurricane,EVAC
88.0,0.015039324428275144,0.001961325335535206,16,88.0,0.1764812144614291,-8.0,0.08521770701868141,beryl_qr,hurricane_beryl_across_quintana_roo_and_yucatan_mexico,"Hurricane Beryl Across Quintana Roo and Yucatan, Mexico",hurricane,EVAC
112.0,0.015894825997942667,0.006260602854578769,16,112.0,0.1764812144614291,-8.0,0.0900652573501899,beryl_qr,hurricane_beryl_across_quintana_roo_and_yucatan_mexico,"Hurricane Beryl Across Quintana Roo and Yucatan, Mexico",hurricane,EVAC
136.0,0.0178898575561788,0.00046008860421358703,16,136.0,0.1764812144614291,-8.0,0.10136975547665852,beryl_qr,hurricane_beryl_across_quintana_roo_and_yucatan_mexico,"Hurricane Beryl Across Quintana Roo and Yucatan, Mexico",hurricane,EVAC
160.0,0.028699389036537792,-0.03282252516186898,16,160.0,0.1764812144614291,-8.0,0.1626200789932245,beryl_qr,hurricane_beryl_across_quintana_roo_and_yucatan_mexico,"Hurricane Beryl Across Quintana Roo and Yucatan, Mexico",hurricane,EVAC
184.0,0.02555326735475718,-0.017826389015007476,16,184.0,0.1764812144614291,-8.0,0.14479312958457674,beryl_qr,hurricane_beryl_across_quintana_roo_and_yucatan_mexico,"Hurricane Beryl Across Quintana Roo and Yucatan, Mexico",hurricane,EVAC
208.0,0.017341882430797012,-0.005003002159581432,16,208.0,0.1764812144614291,-8.0,0.09826475006826958,beryl_qr,hurricane_beryl_across_quintana_roo_and_yucatan_mexico,"Hurricane Beryl Across Quintana Roo and Yucatan, Mexico",hurricane,EVAC
232.0,0.03470324445126426,-0.03001251671510589,16,232.0,0.1764812144614291,-8.0,0.19663987783157988,beryl_qr,hurricane_beryl_across_quintana_roo_and_yucatan_mexico,"Hurricane Beryl Across Quintana Roo and Yucatan, Mexico",hurricane,EVAC
256.0,0.034174029233157,-0.04198048459542472,16,256.0,0.1764812144614291,-8.0,0.19364117216354446,beryl_qr,hurricane_beryl_across_quintana_roo_and_yucatan_mexico,"Hurricane Beryl Across Quintana Roo and Yucatan, Mexico",hurricane,EVAC
280.0,0.031631789155604155,-0.03839836587356438,16,280.0,0.1764812144614291,-8.0,0.1792360124681568,beryl_qr,hurricane_beryl_across_quintana_roo_and_yucatan_mexico,"Hurricane Beryl Across Quintana Roo and Yucatan, Mexico",hurricane,EVAC
304.0,0.03355343689388591,-0.0473908736730981,16,304.0,0.1764812144614291,-8.0,0.19012469398673132,beryl_qr,hurricane_beryl_across_quintana_roo_and_yucatan_mexico,"Hurricane Beryl Across Quintana Roo and Yucatan, Mexico",hurricane,EVAC
0.0,0.2701956855248753,-0.32859189279100853,15,0.0,0.2701956855248753,0.0,1.0,beryl_tx,hurricane_beryl_across_southeastern_texas_us,"Hurricane Beryl Across Southeastern Texas, US",hurricane,EVAC
24.0,0.11932634644549164,-0.12940634749182867,15,24.0,0.2701956855248753,0.0,0.44162935545655113,beryl_tx,hurricane_beryl_across_southeastern_texas_us,"Hurricane Beryl Across Southeastern Texas, US",hurricane,EVAC
48.0,0.07319913139592614,-0.07042233911965243,15,48.0,0.2701956855248753,0.0,0.27091154787957245,beryl_tx,hurricane_beryl_across_southeastern_texas_us,"Hurricane Beryl Across Southeastern Texas, US",hurricane,EVAC
72.0,0.04978829425923581,-0.04491362094307616,16,72.0,0.2701956855248753,0.0,0.184267539885096,beryl_tx,hurricane_beryl_across_southeastern_texas_us,"Hurricane Beryl Across Southeastern Texas, US",hurricane,EVAC
96.0,0.04047226789676223,-0.010821177310818985,16,96.0,0.2701956855248753,0.0,0.14978872744818938,beryl_tx,hurricane_beryl_across_southeastern_texas_us,"Hurricane Beryl Across Southeastern Texas, US",hurricane,EVAC
120.0,0.038667778876693634,-0.023637780556577465,16,120.0,0.2701956855248753,0.0,0.1431102750644541,beryl_tx,hurricane_beryl_across_southeastern_texas_us,"Hurricane Beryl Across Southeastern Texas, US",hurricane,EVAC
144.0,0.025375289272285932,0.012717360384347972,16,144.0,0.2701956855248753,0.0,0.09391448728351284,beryl_tx,hurricane_beryl_across_southeastern_texas_us,"Hurricane Beryl Across Southeastern Texas, US",hurricane,EVAC
168.0,0.031154307402090575,0.017168503705109115,16,168.0,0.2701956855248753,0.0,0.11530275674672973,beryl_tx,hurricane_beryl_across_southeastern_texas_us,"Hurricane Beryl Across Southeastern Texas, US",hurricane,EVAC
192.0,0.038997005913547204,0.0400202756154994,16,192.0,0.2701956855248753,0.0,0.14432875135586495,beryl_tx,hurricane_beryl_across_southeastern_texas_us,"Hurricane Beryl Across Southeastern Texas, US",hurricane,EVAC
216.0,0.0343789058763551,0.04342065230692078,16,216.0,0.2701956855248753,0.0,0.12723706453554767,beryl_tx,hurricane_beryl_across_southeastern_texas_us,"Hurricane Beryl Across Southeastern Texas, US",hurricane,EVAC
240.0,0.03652797007962206,0.04020634305388261,16,240.0,0.2701956855248753,0.0,0.1351907970279531,beryl_tx,hurricane_beryl_across_southeastern_texas_us,"Hurricane Beryl Across Southeastern Texas, US",hurricane,EVAC
264.0,0.051121792058552336,0.06859303548854953,16,264.0,0.2701956855248753,0.0,0.18920284370656934,beryl_tx,hurricane_beryl_across_southeastern_texas_us,"Hurricane Beryl Across Southeastern Texas, US",hurricane,EVAC
288.0,0.02648933038674644,0.019437903136463812,16,288.0,0.2701956855248753,0.0,0.09803757722958803,beryl_tx,hurricane_beryl_across_southeastern_texas_us,"Hurricane Beryl Across Southeastern Texas, US",hurricane,EVAC
312.0,0.027402905050732444,-0.008499262897069568,16,312.0,0.2701956855248753,0.0,0.10141873656309595,beryl_tx,hurricane_beryl_across_southeastern_texas_us,"Hurricane Beryl Across Southeastern Texas, US",hurricane,EVAC
336.0,0.01673847207535517,-0.002094107562785904,16,336.0,0.2701956855248753,0.0,0.061949442467371156,beryl_tx,hurricane_beryl_across_southeastern_texas_us,"Hurricane Beryl Across Southeastern Texas, US",hurricane,EVAC
-8.0,0.028118903380902373,0.024833012179483933,10,-8.0,0.16560318887757747,16.0,0.16979687149436076,beryl_pre,hurricane_beryl_pre_landfall_2024,Hurricane Beryl Pre Landfall Disaster Maps June 30 2024,hurricane,EVAC
16.0,0.16560318887757747,-0.12455271120913496,10,16.0,0.16560318887757747,16.0,1.0,beryl_pre,hurricane_beryl_pre_landfall_2024,Hurricane Beryl Pre Landfall Disaster Maps June 30 2024,hurricane,EVAC
40.0,0.07123767763570973,-0.06957988239724422,10,40.0,0.16560318887757747,16.0,0.43017092918646843,beryl_pre,hurricane_beryl_pre_landfall_2024,Hurricane Beryl Pre Landfall Disaster Maps June 30 2024,hurricane,EVAC
64.0,0.038504731735878615,-0.029537014680244278,10,64.0,0.16560318887757747,16.0,0.23251201862026538,beryl_pre,hurricane_beryl_pre_landfall_2024,Hurricane Beryl Pre Landfall Disaster Maps June 30 2024,hurricane,EVAC
88.0,0.0478253044993817,-0.0514137290061352,10,88.0,0.16560318887757747,16.0,0.2887945867681127,beryl_pre,hurricane_beryl_pre_landfall_2024,Hurricane Beryl Pre Landfall Disaster Maps June 30 2024,hurricane,EVAC
112.0,0.0428852646380621,-0.04367064412821072,10,112.0,0.16560318887757747,16.0,0.2589640026181207,beryl_pre,hurricane_beryl_pre_landfall_2024,Hurricane Beryl Pre Landfall Disaster Maps June 30 2024,hurricane,EVAC
136.0,0.028715961313359694,-0.023815772631306853,10,136.0,0.16560318887757747,16.0,0.17340222436530514,beryl_pre,hurricane_beryl_pre_landfall_2024,Hurricane Beryl Pre Landfall Disaster Maps June 30 2024,hurricane,EVAC
160.0,0.02637766685910309,0.01920971988030466,10,160.0,0.16560318887757747,16.0,0.15928236067122378,beryl_pre,hurricane_beryl_pre_landfall_2024,Hurricane Beryl Pre Landfall Disaster Maps June 30 2024,hurricane,EVAC
184.0,0.04028576882008372,-0.025681306788972402,10,184.0,0.16560318887757747,16.0,0.24326686637577413,beryl_pre,hurricane_beryl_pre_landfall_2024,Hurricane Beryl Pre Landfall Disaster Maps June 30 2024,hurricane,EVAC
208.0,0.03832109703969826,-0.016973103931176608,10,208.0,0.16560318887757747,16.0,0.23140313480332322,beryl_pre,hurricane_beryl_pre_landfall_2024,Hurricane Beryl Pre Landfall Disaster Maps June 30 2024,hurricane,EVAC
232.0,0.026420904711448045,-0.0017684330604232172,10,232.0,0.16560318887757747,16.0,0.15954345378566206,beryl_pre,hurricane_beryl_pre_landfall_2024,Hurricane Beryl Pre Landfall Disaster Maps June 30 2024,hurricane,EVAC
256.0,0.037726789553634364,-0.009715428751971436,10,256.0,0.16560318887757747,16.0,0.22781439058835987,beryl_pre,hurricane_beryl_pre_landfall_2024,Hurricane Beryl Pre Landfall Disaster Maps June 30 2024,hurricane,EVAC
280.0,0.03754759719332009,0.093208821533365,10,280.0,0.16560318887757747,16.0,0.22673233195453282,beryl_pre,hurricane_beryl_pre_landfall_2024,Hurricane Beryl Pre Landfall Disaster Maps June 30 2024,hurricane,EVAC
304.0,0.01647751878023036,0.0004704728573715622,10,304.0,0.16560318887757747,16.0,0.09950000897876068,beryl_pre,hurricane_beryl_pre_landfall_2024,Hurricane Beryl Pre Landfall Disaster Maps June 30 2024,hurricane,EVAC
328.0,0.03324111090193299,0.0015637215058811698,10,328.0,0.16560318887757747,16.0,0.20072748071600577,beryl_pre,hurricane_beryl_pre_landfall_2024,Hurricane Beryl Pre Landfall Disaster Maps June 30 2024,hurricane,EVAC
352.0,0.046824394558191984,0.002180482419168165,10,352.0,0.16560318887757747,16.0,0.28275056099799517,beryl_pre,hurricane_beryl_pre_landfall_2024,Hurricane Beryl Pre Landfall Disaster Maps June 30 2024,hurricane,EVAC
376.0,0.039066413454745895,-0.011771436314297704,10,376.0,0.16560318887757747,16.0,0.2359037511265911,beryl_pre,hurricane_beryl_pre_landfall_2024,Hurricane Beryl Pre Landfall Disaster Maps June 30 2024,hurricane,EVAC
400.0,0.02894314125973587,-0.001982728680719248,10,400.0,0.16560318887757747,16.0,0.17477405752815636,beryl_pre,hurricane_beryl_pre_landfall_2024,Hurricane Beryl Pre Landfall Disaster Maps June 30 2024,hurricane,EVAC
424.0,0.023979985208538147,-0.015926321341366994,10,424.0,0.16560318887757747,16.0,0.1448038855475507,beryl_pre,hurricane_beryl_pre_landfall_2024,Hurricane Beryl Pre Landfall Disaster Maps June 30 2024,hurricane,EVAC
448.0,0.034210342026558406,-0.02083933635521873,10,448.0,0.16560318887757747,16.0,0.20658021296829301,beryl_pre,hurricane_beryl_pre_landfall_2024,Hurricane Beryl Pre Landfall Disaster Maps June 30 2024,hurricane,EVAC
472.0,0.03651044467125568,-0.0253284586073436,10,472.0,0.16560318887757747,16.0,0.22046945423403716,beryl_pre,hurricane_beryl_pre_landfall_2024,Hurricane Beryl Pre Landfall Disaster Maps June 30 2024,hurricane,EVAC
496.0,0.050210161053891166,-0.03049629723586837,10,496.0,0.16560318887757747,16.0,0.30319561715088195,beryl_pre,hurricane_beryl_pre_landfall_2024,Hurricane Beryl Pre Landfall Disaster Maps June 30 2024,hurricane,EVAC
520.0,0.03431002897863074,-0.01694301521077531,10,520.0,0.16560318887757747,16.0,0.20718217572485578,beryl_pre,hurricane_beryl_pre_landfall_2024,Hurricane Beryl Pre Landfall Disaster Maps June 30 2024,hurricane,EVAC
544.0,0.02989296181842007,0.00858269690412472,10,544.0,0.16560318887757747,16.0,0.180509578475077,beryl_pre,hurricane_beryl_pre_landfall_2024,Hurricane Beryl Pre Landfall Disaster Maps June 30 2024,hurricane,EVAC
568.0,0.03641721377817172,-0.019488107040432395,10,568.0,0.16560318887757747,16.0,0.21990647659021365,beryl_pre,hurricane_beryl_pre_landfall_2024,Hurricane Beryl Pre Landfall Disaster Maps June 30 2024,hurricane,EVAC
592.0,0.020601842406528903,-0.005335676293632925,10,592.0,0.16560318887757747,16.0,0.12440486530581764,beryl_pre,hurricane_beryl_pre_landfall_2024,Hurricane Beryl Pre Landfall Disaster Maps June 30 2024,hurricane,EVAC
616.0,0.04537754224936761,-0.04810145918995571,10,616.0,0.16560318887757747,16.0,0.2740136983890634,beryl_pre,hurricane_beryl_pre_landfall_2024,Hurricane Beryl Pre Landfall Disaster Maps June 30 2024,hurricane,EVAC
640.0,0.043048693667506535,-0.01588490000273272,10,640.0,0.16560318887757747,16.0,0.2599508738888499,beryl_pre,hurricane_beryl_pre_landfall_2024,Hurricane Beryl Pre Landfall Disaster Maps June 30 2024,hurricane,EVAC
664.0,0.04214030222505551,-0.012787566221674687,10,664.0,0.16560318887757747,16.0,0.25446552394717364,beryl_pre,hurricane_beryl_pre_landfall_2024,Hurricane Beryl Pre Landfall Disaster Maps June 30 2024,hurricane,EVAC
688.0,0.0312657949556727,-0.013699407139466343,10,688.0,0.16560318887757747,16.0,0.18879947401729089,beryl_pre,hurricane_beryl_pre_landfall_2024,Hurricane Beryl Pre Landfall Disaster Maps June 30 2024,hurricane,EVAC
712.0,0.038647665766655424,-0.01017979858210579,10,712.0,0.16560318887757747,16.0,0.23337513020492498,beryl_pre,hurricane_beryl_pre_landfall_2024,Hurricane Beryl Pre Landfall Disaster Maps June 30 2024,hurricane,EVAC
736.0,0.0394908328874898,0.0007418242191571759,10,736.0,0.16560318887757747,16.0,0.23846662105452263,beryl_pre,hurricane_beryl_pre_landfall_2024,Hurricane Beryl Pre Landfall Disaster Maps June 30 2024,hurricane,EVAC
72.0,0.11469235259687795,0.11991832920363127,16,72.0,0.11469235259687795,72.0,1.0,john_gue,hurricane_john_across_southeastern_guerrero_mexico,"Hurricane John Across Southeastern Guerrero, Mexico",hurricane,INFL
96.0,0.07965080220111931,0.07214772461278811,16,96.0,0.11469235259687795,72.0,0.6944735232790707,john_gue,hurricane_john_across_southeastern_guerrero_mexico,"Hurricane John Across Southeastern Guerrero, Mexico",hurricane,INFL
120.0,0.0771028291896818,0.07019454085523706,16,120.0,0.11469235259687795,72.0,0.6722578048484518,john_gue,hurricane_john_across_southeastern_guerrero_mexico,"Hurricane John Across Southeastern Guerrero, Mexico",hurricane,INFL
144.0,0.0783226043946982,0.07207821280594162,16,144.0,0.11469235259687795,72.0,0.6828929969724086,john_gue,hurricane_john_across_southeastern_guerrero_mexico,"Hurricane John Across Southeastern Guerrero, Mexico",hurricane,INFL
168.0,0.09237608908699615,0.08196350325471297,16,168.0,0.11469235259687795,72.0,0.8054250086898186,john_gue,hurricane_john_across_southeastern_guerrero_mexico,"Hurricane John Across Southeastern Guerrero, Mexico",hurricane,INFL
192.0,0.08762286200928153,0.08010561981280355,16,192.0,0.11469235259687795,72.0,0.763981730475609,john_gue,hurricane_john_across_southeastern_guerrero_mexico,"Hurricane John Across Southeastern Guerrero, Mexico",hurricane,INFL
216.0,0.08387997991091879,0.07279067986735346,16,216.0,0.11469235259687795,72.0,0.7313476270361385,john_gue,hurricane_john_across_southeastern_guerrero_mexico,"Hurricane John Across Southeastern Guerrero, Mexico",hurricane,INFL
24.0,0.049989606447916474,0.04969603397634528,16,24.0,0.10772159942741184,168.0,0.46406298006744645,john_sm,hurricane_john_southern_mexico_25_september_2024,Hurricane John Southern Mexico 25 September 2024,hurricane,INFL
48.0,0.0751582054678692,0.07693901197763754,16,48.0,0.10772159942741184,168.0,0.6977078493762481,john_sm,hurricane_john_southern_mexico_25_september_2024,Hurricane John Southern Mexico 25 September 2024,hurricane,INFL
72.0,0.07601871114187728,0.07798899934413869,16,72.0,0.10772159942741184,168.0,0.7056960864483122,john_sm,hurricane_john_southern_mexico_25_september_2024,Hurricane John Southern Mexico 25 September 2024,hurricane,INFL
96.0,0.07345444076961448,0.07082236093278528,16,96.0,0.10772159942741184,168.0,0.6818914791467771,john_sm,hurricane_john_southern_mexico_25_september_2024,Hurricane John Southern Mexico 25 September 2024,hurricane,INFL
120.0,0.08358158319051139,0.0831672543010512,16,120.0,0.10772159942741184,168.0,0.7759036593847903,john_sm,hurricane_john_southern_mexico_25_september_2024,Hurricane John Southern Mexico 25 September 2024,hurricane,INFL
144.0,0.0748047872930965,0.07255333293032572,16,144.0,0.10772159942741184,168.0,0.6944270015550937,john_sm,hurricane_john_southern_mexico_25_september_2024,Hurricane John Southern Mexico 25 September 2024,hurricane,INFL
168.0,0.10772159942741184,0.1149703140511606,16,168.0,0.10772159942741184,168.0,1.0,john_sm,hurricane_john_southern_mexico_25_september_2024,Hurricane John Southern Mexico 25 September 2024,hurricane,INFL
192.0,0.07912584432995967,0.07702781861139113,16,192.0,0.10772159942741184,168.0,0.7345401920371466,john_sm,hurricane_john_southern_mexico_25_september_2024,Hurricane John Southern Mexico 25 September 2024,hurricane,INFL
216.0,0.07471291013306457,0.07199112835011975,16,216.0,0.10772159942741184,168.0,0.6935740884854744,john_sm,hurricane_john_southern_mexico_25_september_2024,Hurricane John Southern Mexico 25 September 2024,hurricane,INFL
240.0,0.0729898085426251,0.06919941290292408,16,240.0,0.10772159942741184,168.0,0.6775782102252321,john_sm,hurricane_john_southern_mexico_25_september_2024,Hurricane John Southern Mexico 25 September 2024,hurricane,INFL
264.0,0.08574658454311454,0.08348304636980286,16,264.0,0.10772159942741184,168.0,0.7960017767921729,john_sm,hurricane_john_southern_mexico_25_september_2024,Hurricane John Southern Mexico 25 September 2024,hurricane,INFL
288.0,0.08626237694581215,0.08481896241757944,16,288.0,0.10772159942741184,168.0,0.8007899753098265,john_sm,hurricane_john_southern_mexico_25_september_2024,Hurricane John Southern Mexico 25 September 2024,hurricane,INFL
312.0,0.08100091183829422,0.08382316736437684,16,312.0,0.10772159942741184,168.0,0.7519467986815092,john_sm,hurricane_john_southern_mexico_25_september_2024,Hurricane John Southern Mexico 25 September 2024,hurricane,INFL
336.0,0.07645056756605322,0.07902092949625088,16,336.0,0.10772159942741184,168.0,0.709705091387632,john_sm,hurricane_john_southern_mexico_25_september_2024,Hurricane John Southern Mexico 25 September 2024,hurricane,INFL
360.0,0.07541534063725311,0.078405916887501,16,360.0,0.10772159942741184,168.0,0.7000948838312757,john_sm,hurricane_john_southern_mexico_25_september_2024,Hurricane John Southern Mexico 25 September 2024,hurricane,INFL
0.0,0.2108908765038638,-0.2997461516627349,16,0.0,0.2108908765038638,0.0,1.0,milton_fl,hurricane_milton_across_florida_us,"Hurricane Milton Across Florida, US",hurricane,INFL
24.0,0.11954442099325097,-0.1248187594477551,16,24.0,0.2108908765038638,0.0,0.5668543987063412,milton_fl,hurricane_milton_across_florida_us,"Hurricane Milton Across Florida, US",hurricane,INFL
48.0,0.09657044402281639,0.010843180403453988,16,48.0,0.2108908765038638,0.0,0.4579166516055857,milton_fl,hurricane_milton_across_florida_us,"Hurricane Milton Across Florida, US",hurricane,INFL
72.0,0.11288776211013314,0.068137496504797,16,72.0,0.2108908765038638,0.0,0.5352899280498978,milton_fl,hurricane_milton_across_florida_us,"Hurricane Milton Across Florida, US",hurricane,INFL
96.0,0.12156513609598325,0.10326994219114126,16,96.0,0.2108908765038638,0.0,0.5764362029846086,milton_fl,hurricane_milton_across_florida_us,"Hurricane Milton Across Florida, US",hurricane,INFL
120.0,0.13310695365681735,0.1256540281780606,16,120.0,0.2108908765038638,0.0,0.6311650644326411,milton_fl,hurricane_milton_across_florida_us,"Hurricane Milton Across Florida, US",hurricane,INFL
144.0,0.11161152216271414,0.11206955753948925,16,144.0,0.2108908765038638,0.0,0.5292382677382882,milton_fl,hurricane_milton_across_florida_us,"Hurricane Milton Across Florida, US",hurricane,INFL
168.0,0.1265278099719967,0.13054336265129007,16,168.0,0.2108908765038638,0.0,0.5999681544766995,milton_fl,hurricane_milton_across_florida_us,"Hurricane Milton Across Florida, US",hurricane,INFL
192.0,0.10869584287976858,0.1081246268121207,16,192.0,0.2108908765038638,0.0,0.5154127323178779,milton_fl,hurricane_milton_across_florida_us,"Hurricane Milton Across Florida, US",hurricane,INFL
216.0,0.1173556352978119,0.11262277112709992,16,216.0,0.2108908765038638,0.0,0.5564756391709614,milton_fl,hurricane_milton_across_florida_us,"Hurricane Milton Across Florida, US",hurricane,INFL
-8.0,0.029677603677819867,0.006173374804530581,16,-8.0,0.06658564805383829,448.0,0.44570571204509163,moldova,moldova_flooding_2024,Moldova Flooding Sept 16 2024,flood,INFL
16.0,0.03555199391591625,-0.01351001676059217,16,16.0,0.06658564805383829,448.0,0.5339287812768667,moldova,moldova_flooding_2024,Moldova Flooding Sept 16 2024,flood,INFL
40.0,0.0370829947823693,-0.012055764095569509,16,40.0,0.06658564805383829,448.0,0.5569217371344886,moldova,moldova_flooding_2024,Moldova Flooding Sept 16 2024,flood,INFL
64.0,0.0341899062445853,-0.014236486172535194,16,64.0,0.06658564805383829,448.0,0.5134726062430273,moldova,moldova_flooding_2024,Moldova Flooding Sept 16 2024,flood,INFL
88.0,0.024557962389110954,0.03235498219018032,16,88.0,0.06658564805383829,448.0,0.3688176522552494,moldova,moldova_flooding_2024,Moldova Flooding Sept 16 2024,flood,INFL
112.0,0.03610326871352404,0.04398460361883437,16,112.0,0.06658564805383829,448.0,0.5422079647604013,moldova,moldova_flooding_2024,Moldova Flooding Sept 16 2024,flood,INFL
136.0,0.02781436291195731,0.0038595781783650938,16,136.0,0.06658564805383829,448.0,0.41772309386352763,moldova,moldova_flooding_2024,Moldova Flooding Sept 16 2024,flood,INFL
160.0,0.027795821720315528,0.012730442348180597,16,160.0,0.06658564805383829,448.0,0.4174446375867818,moldova,moldova_flooding_2024,Moldova Flooding Sept 16 2024,flood,INFL
184.0,0.02338572775126186,0.018995890029992,16,184.0,0.06658564805383829,448.0,0.35121273780129264,moldova,moldova_flooding_2024,Moldova Flooding Sept 16 2024,flood,INFL
208.0,0.026477097884992445,0.025738748630857972,16,208.0,0.06658564805383829,448.0,0.3976397115424063,moldova,moldova_flooding_2024,Moldova Flooding Sept 16 2024,flood,INFL
232.0,0.027356312972515978,0.036261680095046565,16,232.0,0.06658564805383829,448.0,0.4108439847337198,moldova,moldova_flooding_2024,Moldova Flooding Sept 16 2024,flood,INFL
256.0,0.0389004202755551,0.04995945090619161,16,256.0,0.06658564805383829,448.0,0.5842162900344815,moldova,moldova_flooding_2024,Moldova Flooding Sept 16 2024,flood,INFL
280.0,0.03898086300314811,0.051440391106371074,16,280.0,0.06658564805383829,448.0,0.5854243991382326,moldova,moldova_flooding_2024,Moldova Flooding Sept 16 2024,flood,INFL
304.0,0.039798119295946885,0.046246991206185556,16,304.0,0.06658564805383829,448.0,0.5976981595758869,moldova,moldova_flooding_2024,Moldova Flooding Sept 16 2024,flood,INFL
328.0,0.04171104436876587,0.047077672634559496,16,328.0,0.06658564805383829,448.0,0.626426949168387,moldova,moldova_flooding_2024,Moldova Flooding Sept 16 2024,flood,INFL
352.0,0.03998685290506199,0.05010736610687767,16,352.0,0.06658564805383829,448.0,0.6005326083592418,moldova,moldova_flooding_2024,Moldova Flooding Sept 16 2024,flood,INFL
376.0,0.03474533160260687,0.03936991977496272,16,376.0,0.06658564805383829,448.0,0.5218141238861758,moldova,moldova_flooding_2024,Moldova Flooding Sept 16 2024,flood,INFL
400.0,0.03557312719892385,0.0439672429732109,16,400.0,0.06658564805383829,448.0,0.5342461662333143,moldova,moldova_flooding_2024,Moldova Flooding Sept 16 2024,flood,INFL
424.0,0.05769161494018081,0.06846890975079882,16,424.0,0.06658564805383829,448.0,0.8664271750202663,moldova,moldova_flooding_2024,Moldova Flooding Sept 16 2024,flood,INFL
448.0,0.06658564805383829,0.08317299504074567,16,448.0,0.06658564805383829,448.0,1.0,moldova,moldova_flooding_2024,Moldova Flooding Sept 16 2024,flood,INFL
472.0,0.04613589462791879,0.05558395520850415,16,472.0,0.06658564805383829,448.0,0.6928804626278517,moldova,moldova_flooding_2024,Moldova Flooding Sept 16 2024,flood,INFL
496.0,0.03897578262572492,0.04237826930389975,16,496.0,0.06658564805383829,448.0,0.5853481007530448,moldova,moldova_flooding_2024,Moldova Flooding Sept 16 2024,flood,INFL
520.0,0.03314513091954952,0.04215084168194643,16,520.0,0.06658564805383829,448.0,0.4977819077881437,moldova,moldova_flooding_2024,Moldova Flooding Sept 16 2024,flood,INFL
544.0,0.034011585278517616,0.045300610183158264,16,544.0,0.06658564805383829,448.0,0.5107945371503677,moldova,moldova_flooding_2024,Moldova Flooding Sept 16 2024,flood,INFL
568.0,0.03776266775363092,0.04839341679598365,16,568.0,0.06658564805383829,448.0,0.5671292366651992,moldova,moldova_flooding_2024,Moldova Flooding Sept 16 2024,flood,INFL
592.0,0.04952931946113781,0.06672012631892914,16,592.0,0.06658564805383829,448.0,0.7438437697728876,moldova,moldova_flooding_2024,Moldova Flooding Sept 16 2024,flood,INFL
616.0,0.04928905569077486,0.0581652151440066,16,616.0,0.06658564805383829,448.0,0.7402354280748585,moldova,moldova_flooding_2024,Moldova Flooding Sept 16 2024,flood,INFL
640.0,0.030512054924240875,0.02336036858516947,16,640.0,0.06658564805383829,448.0,0.45823771061851254,moldova,moldova_flooding_2024,Moldova Flooding Sept 16 2024,flood,INFL
-8.0,0.11556151962566208,0.11898889206748588,16,-8.0,0.15131407343508113,88.0,0.763719573481986,spain_flood,spain_flood,Spain Flood (Valencia and Castilla-La Mancha Regions),flood,INFL
16.0,0.09816188039411075,0.10898616837041798,16,16.0,0.15131407343508113,88.0,0.6487293492645648,spain_flood,spain_flood,Spain Flood (Valencia and Castilla-La Mancha Regions),flood,INFL
40.0,0.13946667165653637,0.1786640328724606,16,40.0,0.15131407343508113,88.0,0.9217032394304836,spain_flood,spain_flood,Spain Flood (Valencia and Castilla-La Mancha Regions),flood,INFL
64.0,0.13870309066522915,0.19496229912750412,16,64.0,0.15131407343508113,88.0,0.9166569078238282,spain_flood,spain_flood,Spain Flood (Valencia and Castilla-La Mancha Regions),flood,INFL
88.0,0.15131407343508113,0.1932861467794725,16,88.0,0.15131407343508113,88.0,1.0,spain_flood,spain_flood,Spain Flood (Valencia and Castilla-La Mancha Regions),flood,INFL
112.0,0.12866380571692415,0.17779374968919898,16,112.0,0.15131407343508113,88.0,0.8503095766047517,spain_flood,spain_flood,Spain Flood (Valencia and Castilla-La Mancha Regions),flood,INFL
136.0,0.11864271171927433,0.16163279476107262,16,136.0,0.15131407343508113,88.0,0.7840824652055651,spain_flood,spain_flood,Spain Flood (Valencia and Castilla-La Mancha Regions),flood,INFL
160.0,0.11183993940723848,0.14877305929247825,16,160.0,0.15131407343508113,88.0,0.7391245035460737,spain_flood,spain_flood,Spain Flood (Valencia and Castilla-La Mancha Regions),flood,INFL
184.0,0.10777422031153747,0.14547803956881053,16,184.0,0.15131407343508113,88.0,0.7122550987154296,spain_flood,spain_flood,Spain Flood (Valencia and Castilla-La Mancha Regions),flood,INFL
208.0,0.11861502128374851,0.17058856699114858,16,208.0,0.15131407343508113,88.0,0.7838994654693396,spain_flood,spain_flood,Spain Flood (Valencia and Castilla-La Mancha Regions),flood,INFL
32.0,0.26885269220216007,0.3196372153052671,16,32.0,0.26885269220216007,32.0,1.0,the_earthquake_across_,the_earthquake_across_central_mexico,The Earthquake Across Central Mexico,earthquake,EXCLUDED_SHORT
56.0,0.17344654339514237,0.2095223305277602,16,56.0,0.26885269220216007,32.0,0.6451359738094854,the_earthquake_across_,the_earthquake_across_central_mexico,The Earthquake Across Central Mexico,earthquake,EXCLUDED_SHORT
104.0,0.13632112978252006,0.16039641530251592,16,104.0,0.26885269220216007,32.0,0.5070476648975316,the_earthquake_across_,the_earthquake_across_central_mexico,The Earthquake Across Central Mexico,earthquake,EXCLUDED_SHORT
128.0,0.11966726787449328,0.14007937748989857,16,128.0,0.26885269220216007,32.0,0.4451034761612546,the_earthquake_across_,the_earthquake_across_central_mexico,The Earthquake Across Central Mexico,earthquake,EXCLUDED_SHORT
-8.0,0.19393916150435295,-0.1903378366590552,16,-8.0,0.19393916150435295,-8.0,1.0,nepal_fld,the_flooding_across_bagmati_and_koshi_provinces_nepal,"The Flooding Across Bagmati and Koshi Provinces, Nepal",flood,EVAC
16.0,0.09806883481401336,-0.09908102776912621,16,16.0,0.19393916150435295,-8.0,0.5056680355494484,nepal_fld,the_flooding_across_bagmati_and_koshi_provinces_nepal,"The Flooding Across Bagmati and Koshi Provinces, Nepal",flood,EVAC
40.0,0.05751964959803061,-0.055445201586522365,16,40.0,0.19393916150435295,-8.0,0.29658604869620203,nepal_fld,the_flooding_across_bagmati_and_koshi_provinces_nepal,"The Flooding Across Bagmati and Koshi Provinces, Nepal",flood,EVAC
64.0,0.03906771190425588,-0.025018236635233417,16,64.0,0.19393916150435295,-8.0,0.20144313093453797,nepal_fld,the_flooding_across_bagmati_and_koshi_provinces_nepal,"The Flooding Across Bagmati and Koshi Provinces, Nepal",flood,EVAC
88.0,0.026412604324360336,0.007306148090076915,16,88.0,0.19393916150435295,-8.0,0.13619015427045408,nepal_fld,the_flooding_across_bagmati_and_koshi_provinces_nepal,"The Flooding Across Bagmati and Koshi Provinces, Nepal",flood,EVAC
112.0,0.01656230407078013,-0.0003839389188776194,16,112.0,0.19393916150435295,-8.0,0.08539948271565767,nepal_fld,the_flooding_across_bagmati_and_koshi_provinces_nepal,"The Flooding Across Bagmati and Koshi Provinces, Nepal",flood,EVAC
136.0,0.028387235526165573,0.028314778520097464,16,136.0,0.19393916150435295,-8.0,0.14637185860746554,nepal_fld,the_flooding_across_bagmati_and_koshi_provinces_nepal,"The Flooding Across Bagmati and Koshi Provinces, Nepal",flood,EVAC
160.0,0.017705098884924643,0.009021817225438353,16,160.0,0.19393916150435295,-8.0,0.0912920255382627,nepal_fld,the_flooding_across_bagmati_and_koshi_provinces_nepal,"The Flooding Across Bagmati and Koshi Provinces, Nepal",flood,EVAC
184.0,0.02384868574604465,0.017673237151342835,16,184.0,0.19393916150435295,-8.0,0.1229699332566691,nepal_fld,the_flooding_across_bagmati_and_koshi_provinces_nepal,"The Flooding Across Bagmati and Koshi Provinces, Nepal",flood,EVAC
208.0,0.030957491817380535,0.02089341138156912,16,208.0,0.19393916150435295,-8.0,0.1596247584925528,nepal_fld,the_flooding_across_bagmati_and_koshi_provinces_nepal,"The Flooding Across Bagmati and Koshi Provinces, Nepal",flood,EVAC
232.0,0.046071078573339475,0.02741052934002037,16,232.0,0.19393916150435295,-8.0,0.23755428360097047,nepal_fld,the_flooding_across_bagmati_and_koshi_provinces_nepal,"The Flooding Across Bagmati and Koshi Provinces, Nepal",flood,EVAC
256.0,0.0650856049807456,-0.012681199477015601,16,256.0,0.19393916150435295,-8.0,0.3355980528939472,nepal_fld,the_flooding_across_bagmati_and_koshi_provinces_nepal,"The Flooding Across Bagmati and Koshi Provinces, Nepal",flood,EVAC
280.0,0.09943089645259631,0.04062270079995911,16,280.0,0.19393916150435295,-8.0,0.5126911742905756,nepal_fld,the_flooding_across_bagmati_and_koshi_provinces_nepal,"The Flooding Across Bagmati and Koshi Provinces, Nepal",flood,EVAC
304.0,0.1397698662369162,0.050041391679783435,16,304.0,0.19393916150435295,-8.0,0.7206892365252341,nepal_fld,the_flooding_across_bagmati_and_koshi_provinces_nepal,"The Flooding Across Bagmati and Koshi Provinces, Nepal",flood,EVAC
328.0,0.1224982047742124,0.006398771887446888,16,328.0,0.19393916150435295,-8.0,0.6316321253738273,nepal_fld,the_flooding_across_bagmati_and_koshi_provinces_nepal,"The Flooding Across Bagmati and Koshi Provinces, Nepal",flood,EVAC
-8.0,0.06359530435878727,0.09048931415542724,16,-8.0,0.07823141512719195,232.0,0.8129126164392058,bangladesh_fld,the_flooding_across_eastern_bangladesh,The Flooding Across Eastern Bangladesh,flood,INFL
16.0,0.07725428519776975,0.10324580870307193,16,16.0,0.07823141512719195,232.0,0.9875097500430801,bangladesh_fld,the_flooding_across_eastern_bangladesh,The Flooding Across Eastern Bangladesh,flood,INFL
40.0,0.03580477230892684,0.04844749937290947,16,40.0,0.07823141512719195,232.0,0.45767767655377223,bangladesh_fld,the_flooding_across_eastern_bangladesh,The Flooding Across Eastern Bangladesh,flood,INFL
64.0,0.03818200330867284,-0.014538395046526813,16,64.0,0.07823141512719195,232.0,0.488064842577562,bangladesh_fld,the_flooding_across_eastern_bangladesh,The Flooding Across Eastern Bangladesh,flood,INFL
88.0,0.030801154978546123,0.04938841070497086,16,88.0,0.07823141512719195,232.0,0.39371849439855205,bangladesh_fld,the_flooding_across_eastern_bangladesh,The Flooding Across Eastern Bangladesh,flood,INFL
112.0,0.03023021856972158,0.022018509667650718,16,112.0,0.07823141512719195,232.0,0.38642044913251294,bangladesh_fld,the_flooding_across_eastern_bangladesh,The Flooding Across Eastern Bangladesh,flood,INFL
136.0,0.02732882837593916,0.02069893774401437,16,136.0,0.07823141512719195,232.0,0.3493331717380645,bangladesh_fld,the_flooding_across_eastern_bangladesh,The Flooding Across Eastern Bangladesh,flood,INFL
160.0,0.04956232656713054,0.06989549056154683,16,160.0,0.07823141512719195,232.0,0.6335348336285367,bangladesh_fld,the_flooding_across_eastern_bangladesh,The Flooding Across Eastern Bangladesh,flood,INFL
184.0,0.03149142169422096,0.04663772411053177,16,184.0,0.07823141512719195,232.0,0.4025418898919426,bangladesh_fld,the_flooding_across_eastern_bangladesh,The Flooding Across Eastern Bangladesh,flood,INFL
208.0,0.028386569228274962,0.01587669343570719,16,208.0,0.07823141512719195,232.0,0.36285383796423565,bangladesh_fld,the_flooding_across_eastern_bangladesh,The Flooding Across Eastern Bangladesh,flood,INFL
232.0,0.07823141512719195,-0.06219108121251634,16,232.0,0.07823141512719195,232.0,1.0,bangladesh_fld,the_flooding_across_eastern_bangladesh,The Flooding Across Eastern Bangladesh,flood,INFL
256.0,0.032883545982559534,0.01036648410684334,16,256.0,0.07823141512719195,232.0,0.4203368420358506,bangladesh_fld,the_flooding_across_eastern_bangladesh,The Flooding Across Eastern Bangladesh,flood,INFL
-8.0,0.10278326717118591,-0.08807565332925996,16,-8.0,0.11128938797973106,16.0,0.9235675479669782,gujarat_fld,the_flooding_across_gujarat_india,"The Flooding Across Gujarat, India",flood,EVAC
16.0,0.11128938797973106,-0.10421175223965708,16,16.0,0.11128938797973106,16.0,1.0,gujarat_fld,the_flooding_across_gujarat_india,"The Flooding Across Gujarat, India",flood,EVAC
40.0,0.10035158695071784,-0.08643207472987596,16,40.0,0.11128938797973106,16.0,0.9017174842312431,gujarat_fld,the_flooding_across_gujarat_india,"The Flooding Across Gujarat, India",flood,EVAC
64.0,0.10184276602216329,-0.08119733486525268,16,64.0,0.11128938797973106,16.0,0.9151165971072797,gujarat_fld,the_flooding_across_gujarat_india,"The Flooding Across Gujarat, India",flood,EVAC
88.0,0.09223487945725503,-0.07778465431299814,16,88.0,0.11128938797973106,16.0,0.8287841377477393,gujarat_fld,the_flooding_across_gujarat_india,"The Flooding Across Gujarat, India",flood,EVAC
112.0,0.08617066124103205,-0.0692540137363713,16,112.0,0.11128938797973106,16.0,0.7742936034181997,gujarat_fld,the_flooding_across_gujarat_india,"The Flooding Across Gujarat, India",flood,EVAC
136.0,0.08560556619857297,-0.08197326061301266,16,136.0,0.11128938797973106,16.0,0.7692158951773924,gujarat_fld,the_flooding_across_gujarat_india,"The Flooding Across Gujarat, India",flood,EVAC
160.0,0.079561507658946,-0.06892052831508011,16,160.0,0.11128938797973106,16.0,0.714906507289234,gujarat_fld,the_flooding_across_gujarat_india,"The Flooding Across Gujarat, India",flood,EVAC
-8.0,0.03608090027433243,0.01839891467439468,16,-8.0,0.44716643561220276,16.0,0.08068785445610448,turkiye,turkiye_earthquake_2023,Turkiye Turkey Earthquake Full Country Version Feb 8 2023,earthquake,INFL
16.0,0.44716643561220276,-0.20610596776856488,15,16.0,0.44716643561220276,16.0,1.0,turkiye,turkiye_earthquake_2023,Turkiye Turkey Earthquake Full Country Version Feb 8 2023,earthquake,INFL
40.0,0.33137437746359855,-0.12214731190743483,15,40.0,0.44716643561220276,16.0,0.7410537801432332,turkiye,turkiye_earthquake_2023,Turkiye Turkey Earthquake Full Country Version Feb 8 2023,earthquake,INFL
64.0,0.27687868941728744,-0.06793652360945364,16,64.0,0.44716643561220276,16.0,0.619184865783186,turkiye,turkiye_earthquake_2023,Turkiye Turkey Earthquake Full Country Version Feb 8 2023,earthquake,INFL
88.0,0.23364094241994887,-0.012956154506778549,16,88.0,0.44716643561220276,16.0,0.5224921277914738,turkiye,turkiye_earthquake_2023,Turkiye Turkey Earthquake Full Country Version Feb 8 2023,earthquake,INFL
112.0,0.21640931818700862,0.031620518641867226,16,112.0,0.44716643561220276,16.0,0.48395698100804196,turkiye,turkiye_earthquake_2023,Turkiye Turkey Earthquake Full Country Version Feb 8 2023,earthquake,INFL
136.0,0.23764197602420156,0.056902070087344304,16,136.0,0.44716643561220276,16.0,0.5314396544518212,turkiye,turkiye_earthquake_2023,Turkiye Turkey Earthquake Full Country Version Feb 8 2023,earthquake,INFL
160.0,0.23766543737500323,0.06706826457818643,16,160.0,0.44716643561220276,16.0,0.5314921211598145,turkiye,turkiye_earthquake_2023,Turkiye Turkey Earthquake Full Country Version Feb 8 2023,earthquake,INFL
184.0,0.22641543014638335,0.025676566175828412,16,184.0,0.44716643561220276,16.0,0.5063336872240969,turkiye,turkiye_earthquake_2023,Turkiye Turkey Earthquake Full Country Version Feb 8 2023,earthquake,INFL
208.0,0.21010868086717063,0.02150578948985778,16,208.0,0.44716643561220276,16.0,0.46986684181588195,turkiye,turkiye_earthquake_2023,Turkiye Turkey Earthquake Full Country Version Feb 8 2023,earthquake,INFL
232.0,0.20468198280759015,0.03016453166346642,16,232.0,0.44716643561220276,16.0,0.45773109631398406,turkiye,turkiye_earthquake_2023,Turkiye Turkey Earthquake Full Country Version Feb 8 2023,earthquake,INFL
256.0,0.20229126936107267,0.01808520157019506,16,256.0,0.44716643561220276,16.0,0.45238473474450625,turkiye,turkiye_earthquake_2023,Turkiye Turkey Earthquake Full Country Version Feb 8 2023,earthquake,INFL
280.0,0.20703923409610825,0.047110997295359565,16,280.0,0.44716643561220276,16.0,0.46300262633231126,turkiye,turkiye_earthquake_2023,Turkiye Turkey Earthquake Full Country Version Feb 8 2023,earthquake,INFL
304.0,0.20895780281508508,0.09051645131271818,16,304.0,0.44716643561220276,16.0,0.46729312885258695,turkiye,turkiye_earthquake_2023,Turkiye Turkey Earthquake Full Country Version Feb 8 2023,earthquake,INFL
328.0,0.22116481583369718,0.09902645518181855,16,328.0,0.44716643561220276,16.0,0.49459171847481526,turkiye,turkiye_earthquake_2023,Turkiye Turkey Earthquake Full Country Version Feb 8 2023,earthquake,INFL
352.0,0.23407283844008145,0.15453894855887929,16,352.0,0.44716643561220276,16.0,0.5234579785032815,turkiye,turkiye_earthquake_2023,Turkiye Turkey Earthquake Full Country Version Feb 8 2023,earthquake,INFL
376.0,0.19992535044474874,0.10061631015381858,16,376.0,0.44716643561220276,16.0,0.44709382127716424,turkiye,turkiye_earthquake_2023,Turkiye Turkey Earthquake Full Country Version Feb 8 2023,earthquake,INFL
400.0,0.20672098812702971,0.10490836373330177,16,400.0,0.44716643561220276,16.0,0.4622909316617512,turkiye,turkiye_earthquake_2023,Turkiye Turkey Earthquake Full Country Version Feb 8 2023,earthquake,INFL
424.0,0.19360967392752745,0.09761126058843661,16,424.0,0.44716643561220276,16.0,0.4329700498707198,turkiye,turkiye_earthquake_2023,Turkiye Turkey Earthquake Full Country Version Feb 8 2023,earthquake,INFL
448.0,0.20314471164789077,0.1353309950970037,16,448.0,0.44716643561220276,16.0,0.4542932909751403,turkiye,turkiye_earthquake_2023,Turkiye Turkey Earthquake Full Country Version Feb 8 2023,earthquake,INFL
472.0,0.21098819063716548,0.11729139011223369,16,472.0,0.44716643561220276,16.0,0.4718336928582477,turkiye,turkiye_earthquake_2023,Turkiye Turkey Earthquake Full Country Version Feb 8 2023,earthquake,INFL
496.0,0.20571128758699941,0.13337671643131752,16,496.0,0.44716643561220276,16.0,0.460032934505395,turkiye,turkiye_earthquake_2023,Turkiye Turkey Earthquake Full Country Version Feb 8 2023,earthquake,INFL
520.0,0.2020710349322748,0.13174932889820784,16,520.0,0.44716643561220276,16.0,0.45189222365409676,turkiye,turkiye_earthquake_2023,Turkiye Turkey Earthquake Full Country Version Feb 8 2023,earthquake,INFL
544.0,0.20372835977798012,0.14936579264304556,16,544.0,0.44716643561220276,16.0,0.45559850550737657,turkiye,turkiye_earthquake_2023,Turkiye Turkey Earthquake Full Country Version Feb 8 2023,earthquake,INFL
568.0,0.20992182598132123,0.13877408294727214,16,568.0,0.44716643561220276,16.0,0.4694489775242707,turkiye,turkiye_earthquake_2023,Turkiye Turkey Earthquake Full Country Version Feb 8 2023,earthquake,INFL
592.0,0.1991150499014426,0.12377951276118143,16,592.0,0.44716643561220276,16.0,0.44528174309156254,turkiye,turkiye_earthquake_2023,Turkiye Turkey Earthquake Full Country Version Feb 8 2023,earthquake,INFL
616.0,0.21933505015456206,0.15145967189397955,16,616.0,0.44716643561220276,16.0,0.49049980653014963,turkiye,turkiye_earthquake_2023,Turkiye Turkey Earthquake Full Country Version Feb 8 2023,earthquake,INFL
640.0,0.20006520692576635,0.12429605014889361,16,640.0,0.44716643561220276,16.0,0.4474065828573712,turkiye,turkiye_earthquake_2023,Turkiye Turkey Earthquake Full Country Version Feb 8 2023,earthquake,INFL
664.0,0.23159077938635309,0.16138397803028603,16,664.0,0.44716643561220276,16.0,0.5179073404051195,turkiye,turkiye_earthquake_2023,Turkiye Turkey Earthquake Full Country Version Feb 8 2023,earthquake,INFL
688.0,0.20039895777432526,0.09789695386856694,16,688.0,0.44716643561220276,16.0,0.4481529511488598,turkiye,turkiye_earthquake_2023,Turkiye Turkey Earthquake Full Country Version Feb 8 2023,earthquake,INFL
712.0,0.19504298308481377,0.10909012710057589,16,712.0,0.44716643561220276,16.0,0.43617536458832384,turkiye,turkiye_earthquake_2023,Turkiye Turkey Earthquake Full Country Version Feb 8 2023,earthquake,INFL
736.0,0.2045224454712795,0.12577311668192173,16,736.0,0.44716643561220276,16.0,0.4573743223622625,turkiye,turkiye_earthquake_2023,Turkiye Turkey Earthquake Full Country Version Feb 8 2023,earthquake,INFL
760.0,0.2024744391203116,0.1233518467778239,16,760.0,0.44716643561220276,16.0,0.4527943579734683,turkiye,turkiye_earthquake_2023,Turkiye Turkey Earthquake Full Country Version Feb 8 2023,earthquake,INFL
784.0,0.19645680159033152,0.13511240244455994,16,784.0,0.44716643561220276,16.0,0.4393370922872781,turkiye,turkiye_earthquake_2023,Turkiye Turkey Earthquake Full Country Version Feb 8 2023,earthquake,INFL
808.0,0.21785119767132638,0.1380515936359407,16,808.0,0.44716643561220276,16.0,0.4871814615805691,turkiye,turkiye_earthquake_2023,Turkiye Turkey Earthquake Full Country Version Feb 8 2023,earthquake,INFL
832.0,0.264830383471093,0.20927446434767505,16,832.0,0.44716643561220276,16.0,0.592241193390379,turkiye,turkiye_earthquake_2023,Turkiye Turkey Earthquake Full Country Version Feb 8 2023,earthquake,INFL
29.0,0.34745282608287953,-0.5731055375620941,16,29.0,0.34745282608287953,29.0,1.0,yagi_vn,typhoon_yagi_across_northeastern_vietnam,Typhoon Yagi Across Northeastern Vietnam,typhoon,EVAC
53.0,0.2525252521867605,-0.4127990315022397,16,53.0,0.34745282608287953,29.0,0.7267900366034854,yagi_vn,typhoon_yagi_across_northeastern_vietnam,Typhoon Yagi Across Northeastern Vietnam,typhoon,EVAC
77.0,0.19975481787712124,-0.30640544856706586,16,77.0,0.34745282608287953,29.0,0.5749120539013052,yagi_vn,typhoon_yagi_across_northeastern_vietnam,Typhoon Yagi Across Northeastern Vietnam,typhoon,EVAC
101.0,0.15755459871397573,-0.2530707559617754,16,101.0,0.34745282608287953,29.0,0.45345608637068185,yagi_vn,typhoon_yagi_across_northeastern_vietnam,Typhoon Yagi Across Northeastern Vietnam,typhoon,EVAC
125.0,0.12319809565711431,-0.18023774575118623,16,125.0,0.34745282608287953,29.0,0.3545750283456532,yagi_vn,typhoon_yagi_across_northeastern_vietnam,Typhoon Yagi Across Northeastern Vietnam,typhoon,EVAC
149.0,0.10673132372636729,-0.14995256023772796,16,149.0,0.34745282608287953,29.0,0.30718220061594254,yagi_vn,typhoon_yagi_across_northeastern_vietnam,Typhoon Yagi Across Northeastern Vietnam,typhoon,EVAC
173.0,0.11314463061678573,-0.16085784074070048,16,173.0,0.34745282608287953,29.0,0.3256402657372452,yagi_vn,typhoon_yagi_across_northeastern_vietnam,Typhoon Yagi Across Northeastern Vietnam,typhoon,EVAC
197.0,0.10623523432791143,-0.15020768677450885,16,197.0,0.34745282608287953,29.0,0.30575441139906184,yagi_vn,typhoon_yagi_across_northeastern_vietnam,Typhoon Yagi Across Northeastern Vietnam,typhoon,EVAC
221.0,0.10163577470640597,-0.1440583755170278,16,221.0,0.34745282608287953,29.0,0.2925167593317037,yagi_vn,typhoon_yagi_across_northeastern_vietnam,Typhoon Yagi Across Northeastern Vietnam,typhoon,EVAC
245.0,0.0708246568169354,-0.07514040450319526,16,245.0,0.34745282608287953,29.0,0.20383963375805514,yagi_vn,typhoon_yagi_across_northeastern_vietnam,Typhoon Yagi Across Northeastern Vietnam,typhoon,EVAC
269.0,0.08077039216842176,-0.10336204728228457,16,269.0,0.34745282608287953,29.0,0.23246434078263972,yagi_vn,typhoon_yagi_across_northeastern_vietnam,Typhoon Yagi Across Northeastern Vietnam,typhoon,EVAC
-8.0,0.04618185398540455,0.060716483443303014,16,-8.0,0.13766124285207226,136.0,0.3354746261809546,boise_fire,wildfires_in_boise_county_idaho_27_august_2024,Wildfires In Boise County Idaho 27 August 2024,wildfire,INFL
16.0,0.036399726118385434,0.04728417904966463,16,16.0,0.13766124285207226,136.0,0.2644152076812192,boise_fire,wildfires_in_boise_county_idaho_27_august_2024,Wildfires In Boise County Idaho 27 August 2024,wildfire,INFL
40.0,0.047714634449510136,0.06074604319138352,16,40.0,0.13766124285207226,136.0,0.34660906338600495,boise_fire,wildfires_in_boise_county_idaho_27_august_2024,Wildfires In Boise County Idaho 27 August 2024,wildfire,INFL
64.0,0.0531208055950191,0.054739353279320856,16,64.0,0.13766124285207226,136.0,0.38588061893427433,boise_fire,wildfires_in_boise_county_idaho_27_august_2024,Wildfires In Boise County Idaho 27 August 2024,wildfire,INFL
88.0,0.06877657788277645,0.036615914932063016,16,88.0,0.13766124285207226,136.0,0.49960741642208073,boise_fire,wildfires_in_boise_county_idaho_27_august_2024,Wildfires In Boise County Idaho 27 August 2024,wildfire,INFL
112.0,0.06366018691843708,0.013577198743234228,16,112.0,0.13766124285207226,136.0,0.46244088459120564,boise_fire,wildfires_in_boise_county_idaho_27_august_2024,Wildfires In Boise County Idaho 27 August 2024,wildfire,INFL
136.0,0.13766124285207226,0.08473332688375367,16,136.0,0.13766124285207226,136.0,1.0,boise_fire,wildfires_in_boise_county_idaho_27_august_2024,Wildfires In Boise County Idaho 27 August 2024,wildfire,INFL
160.0,0.057059420245909834,0.06629598613776719,16,160.0,0.13766124285207226,136.0,0.41449153780504966,boise_fire,wildfires_in_boise_county_idaho_27_august_2024,Wildfires In Boise County Idaho 27 August 2024,wildfire,INFL
184.0,0.044211965768574966,0.059123650761105734,16,184.0,0.13766124285207226,136.0,0.3211649470293114,boise_fire,wildfires_in_boise_county_idaho_27_august_2024,Wildfires In Boise County Idaho 27 August 2024,wildfire,INFL
208.0,0.049037900926721126,0.06357788466175933,16,208.0,0.13766124285207226,136.0,0.35622154726160776,boise_fire,wildfires_in_boise_county_idaho_27_august_2024,Wildfires In Boise County Idaho 27 August 2024,wildfire,INFL
232.0,0.05321159783649691,0.05992664459314037,16,232.0,0.13766124285207226,136.0,0.38654015272604303,boise_fire,wildfires_in_boise_county_idaho_27_august_2024,Wildfires In Boise County Idaho 27 August 2024,wildfire,INFL
256.0,0.06389339040189608,0.07000608275114867,16,256.0,0.13766124285207226,136.0,0.46413492336804274,boise_fire,wildfires_in_boise_county_idaho_27_august_2024,Wildfires In Boise County Idaho 27 August 2024,wildfire,INFL
280.0,0.05483313478933946,0.06044998793939062,16,280.0,0.13766124285207226,136.0,0.398319335590061,boise_fire,wildfires_in_boise_county_idaho_27_august_2024,Wildfires In Boise County Idaho 27 August 2024,wildfire,INFL
304.0,0.04840332818384971,0.0650473368367704,16,304.0,0.13766124285207226,136.0,0.3516118784127415,boise_fire,wildfires_in_boise_county_idaho_27_august_2024,Wildfires In Boise County Idaho 27 August 2024,wildfire,INFL
328.0,0.047247805549496605,0.061929402815397556,16,328.0,0.13766124285207226,136.0,0.34321792082226116,boise_fire,wildfires_in_boise_county_idaho_27_august_2024,Wildfires In Boise County Idaho 27 August 2024,wildfire,INFL
