slug,short_name,disaster_type,event_type,t_peak_hours,t_peak_source,D_peak,near_delta,r_bin_km,bin_type,peak_delta_mean,delta0_signed,delta0_abs,n_post_points,t50_h,abs_delta_24h,abs_delta_72h,R24_72,metric_ok_t50,metric_ok_R24_72,metric_primary,daily_avg_applied,median_step_hours_raw
flooding_in_central_and_eastern_europe_sept_16_2024,flooding_in_central_an,flood,INFL,416.0,preferred_snap,0.10059199886783282,0.0663782817545836,0.0,INFL,0.06956753369415286,0.09238793356938142,0.09238793356938142,9,,0.10246315839464389,0.06621575902869885,0.646239683278787,0,1,R24_72,1,8.0
flooding_in_central_and_eastern_europe_sept_16_2024,flooding_in_central_an,flood,INFL,416.0,preferred_snap,0.10059199886783282,0.0663782817545836,10.0,INFL,0.0480157900675453,0.07900127388350946,0.07900127388350946,9,,0.07056150063739623,0.05682172781943451,0.8052794697696677,0,1,R24_72,1,8.0
flooding_in_central_and_eastern_europe_sept_16_2024,flooding_in_central_an,flood,INFL,416.0,preferred_snap,0.10059199886783282,0.0663782817545836,20.0,INFL,0.06716898879727892,0.09672147016694699,0.09672147016694699,9,,0.07236024329561712,0.07706573845734017,1.0650287360491513,0,1,R24_72,1,8.0
flooding_in_central_and_eastern_europe_sept_16_2024,flooding_in_central_an,flood,INFL,416.0,preferred_snap,0.10059199886783282,0.0663782817545836,30.0,INFL,0.039500861909703776,0.07272815433918171,0.07272815433918171,9,192.0,0.047844173191528006,0.058512197092468764,1.222974360080065,1,1,R24_72,1,8.0
flooding_in_central_and_eastern_europe_sept_16_2024,flooding_in_central_an,flood,INFL,416.0,preferred_snap,0.10059199886783282,0.0663782817545836,40.0,INFL,0.07762560705255077,0.1049256453251169,0.1049256453251169,9,,0.12075569454378443,0.08320415691976472,0.689028846499624,0,1,R24_72,1,8.0
flooding_in_central_and_eastern_europe_sept_16_2024,flooding_in_central_an,flood,INFL,416.0,preferred_snap,0.10059199886783282,0.0663782817545836,50.0,INFL,0.09639090900627045,0.11944998376583686,0.11944998376583686,9,,0.1094256490425729,0.1100908815606058,1.0060793106904404,0,1,R24_72,1,8.0
flooding_in_central_and_eastern_europe_sept_16_2024,flooding_in_central_an,flood,INFL,416.0,preferred_snap,0.10059199886783282,0.0663782817545836,60.0,INFL,0.08764601206603694,0.1094075618470171,0.1094075618470171,9,,0.10760044308887966,0.09760626560228543,0.9071176920866498,0,1,R24_72,1,8.0
flooding_in_central_and_eastern_europe_sept_16_2024,flooding_in_central_an,flood,INFL,416.0,preferred_snap,0.10059199886783282,0.0663782817545836,70.0,INFL,0.09345732792187827,0.12091257732810597,0.12091257732810597,9,,0.12322739103281788,0.10215402681946657,0.8289879868694205,0,1,R24_72,1,8.0
flooding_in_central_and_eastern_europe_sept_16_2024,flooding_in_central_an,flood,INFL,416.0,preferred_snap,0.10059199886783282,0.0663782817545836,80.0,INFL,0.10183146971881969,0.12155878589559266,0.12155878589559266,9,,0.12549052333154145,0.1126699666880399,0.8978364556690062,0,1,R24_72,1,8.0
flooding_in_central_and_eastern_europe_sept_16_2024,flooding_in_central_an,flood,INFL,416.0,preferred_snap,0.10059199886783282,0.0663782817545836,90.0,INFL,0.1600422657140823,0.17025019643127215,0.17025019643127215,9,,0.17708501169802374,0.17434465061790747,0.9845251664506237,0,1,R24_72,1,8.0
flooding_in_central_and_eastern_europe_sept_16_2024,flooding_in_central_an,flood,INFL,416.0,preferred_snap,0.10059199886783282,0.0663782817545836,100.0,INFL,0.1274762264577657,0.14409619529380513,0.14409619529380513,9,,0.1435302092063031,0.14646100574853885,1.0204193706568292,0,1,R24_72,1,8.0
flooding_in_central_and_eastern_europe_sept_16_2024,flooding_in_central_an,flood,INFL,416.0,preferred_snap,0.10059199886783282,0.0663782817545836,110.0,INFL,0.07938152715246992,0.10498903480444326,0.10498903480444326,9,,0.09955078543282185,0.09411566092126367,0.9454034994507816,0,1,R24_72,1,8.0
flooding_in_central_and_eastern_europe_sept_16_2024,flooding_in_central_an,flood,INFL,416.0,preferred_snap,0.10059199886783282,0.0663782817545836,120.0,INFL,0.07912974968965436,0.1064484240915357,0.1064484240915357,9,,0.09493759946315294,0.08918217522592793,0.9393767667418345,0,1,R24_72,1,8.0
flooding_in_central_and_eastern_europe_sept_16_2024,flooding_in_central_an,flood,INFL,416.0,preferred_snap,0.10059199886783282,0.0663782817545836,130.0,INFL,0.0905464307848544,0.11814642051945778,0.11814642051945778,9,,0.11243100284106518,0.10914787885083843,0.9707987662898654,0,1,R24_72,1,8.0
flooding_in_central_and_eastern_europe_sept_16_2024,flooding_in_central_an,flood,INFL,416.0,preferred_snap,0.10059199886783282,0.0663782817545836,140.0,INFL,0.08812934978642696,0.11371784863775185,0.11371784863775185,9,,0.10171420356603574,0.10932925437528551,1.0748671330283373,0,1,R24_72,1,8.0
flooding_in_central_and_eastern_europe_sept_16_2024,flooding_in_central_an,flood,INFL,416.0,preferred_snap,0.10059199886783282,0.0663782817545836,150.0,INFL,0.07587675620750513,0.10191584089045495,0.10191584089045495,9,,0.08814164816327115,0.08945164774428897,1.0148624357306233,0,1,R24_72,1,8.0
flooding_in_central_and_eastern_europe_sept_16_2024,flooding_in_central_an,flood,INFL,416.0,preferred_snap,0.10059199886783282,0.0663782817545836,160.0,INFL,0.08267942546144408,0.11271332022607994,0.11271332022607994,9,,0.09818640634540743,0.10046208390131528,1.0231771142321098,0,1,R24_72,1,8.0
flooding_in_central_and_eastern_europe_sept_16_2024,flooding_in_central_an,flood,INFL,416.0,preferred_snap,0.10059199886783282,0.0663782817545836,170.0,INFL,0.022127815206440374,0.04163516369784263,0.04163516369784263,9,96.0,0.031306634820197056,0.02377557903674236,0.7594421812913557,1,1,R24_72,1,8.0
flooding_in_central_and_eastern_europe_sept_16_2024,flooding_in_central_an,flood,INFL,416.0,preferred_snap,0.10059199886783282,0.0663782817545836,180.0,INFL,0.02152871967932457,0.04870644323129247,0.04870644323129247,9,48.0,0.02814258876294014,0.03537694479347612,1.2570607875300588,1,1,R24_72,1,8.0
flooding_in_central_and_eastern_europe_sept_16_2024,flooding_in_central_an,flood,INFL,416.0,preferred_snap,0.10059199886783282,0.0663782817545836,190.0,INFL,0.03231543180651427,0.060125821584877524,0.060125821584877524,9,24.0,0.02154651184407815,0.0482771851630824,2.2406032824450386,1,1,R24_72,1,8.0
flooding_in_central_and_eastern_europe_sept_16_2024,flooding_in_central_an,flood,INFL,416.0,preferred_snap,0.10059199886783282,0.0663782817545836,200.0,INFL,0.040484337757013544,0.07259388069498655,0.07259388069498655,9,,0.04869898290660394,0.04974569035959875,1.0214934150678714,0,1,R24_72,1,8.0
hurricane_beryl_across_quintana_roo_and_yucatan_mexico,beryl_qr,hurricane,EVAC,-8.0,preferred_snap,0.12183737847793855,-0.2182305293802359,0.0,INFL,0.17068248589541768,0.17068248589541768,0.17068248589541768,3,216.0,,,,1,0,t50_h,0,24.0
hurricane_beryl_across_quintana_roo_and_yucatan_mexico,beryl_qr,hurricane,EVAC,-8.0,preferred_snap,0.12183737847793855,-0.2182305293802359,10.0,EVAC,-0.2415979824454355,-0.2415979824454355,0.2415979824454355,13,72.0,0.2415979824454355,0.11210578162727114,0.46401787172452913,1,1,R24_72,0,24.0
hurricane_beryl_across_quintana_roo_and_yucatan_mexico,beryl_qr,hurricane,EVAC,-8.0,preferred_snap,0.12183737847793855,-0.2182305293802359,20.0,EVAC,-0.3021802306791054,-0.3021802306791054,0.3021802306791054,13,24.0,0.1357902846939837,0.05026875179136181,0.3701940231191592,1,1,R24_72,0,24.0
hurricane_beryl_across_quintana_roo_and_yucatan_mexico,beryl_qr,hurricane,EVAC,-8.0,preferred_snap,0.12183737847793855,-0.2182305293802359,30.0,EVAC,-0.2140913525187348,-0.2140913525187348,0.2140913525187348,13,24.0,0.05786937991306862,0.013771298959712963,0.2379721189409703,1,1,R24_72,0,24.0
hurricane_beryl_across_quintana_roo_and_yucatan_mexico,beryl_qr,hurricane,EVAC,-8.0,preferred_snap,0.12183737847793855,-0.2182305293802359,40.0,EVAC,-0.16804010216028964,-0.16804010216028964,0.16804010216028964,13,24.0,0.029183990463202747,0.0003147009399464551,0.010783341652446482,1,1,R24_72,0,24.0
hurricane_beryl_across_quintana_roo_and_yucatan_mexico,beryl_qr,hurricane,EVAC,-8.0,preferred_snap,0.12183737847793855,-0.2182305293802359,50.0,EVAC,-0.1886104321628138,-0.1886104321628138,0.1886104321628138,13,24.0,0.004539142012144781,0.009636780839766823,2.1230401723459993,1,1,R24_72,0,24.0
hurricane_beryl_across_quintana_roo_and_yucatan_mexico,beryl_qr,hurricane,EVAC,-8.0,preferred_snap,0.12183737847793855,-0.2182305293802359,60.0,INFL,0.004108888218471662,0.004108888218471662,0.004108888218471662,13,,0.02493098007597294,0.004022834898541605,0.16135887503350035,0,1,R24_72,0,24.0
hurricane_beryl_across_quintana_roo_and_yucatan_mexico,beryl_qr,hurricane,EVAC,-8.0,preferred_snap,0.12183737847793855,-0.2182305293802359,70.0,INFL,0.08041546386164633,0.08041546386164633,0.08041546386164633,13,48.0,0.05201629651752171,0.007089912044071167,0.13630174615916624,1,1,R24_72,0,24.0
hurricane_beryl_across_quintana_roo_and_yucatan_mexico,beryl_qr,hurricane,EVAC,-8.0,preferred_snap,0.12183737847793855,-0.2182305293802359,80.0,INFL,0.12826511831252962,0.12826511831252962,0.12826511831252962,13,24.0,0.01762124443171409,0.02511819165982143,1.4254493635315906,1,1,R24_72,0,24.0
hurricane_beryl_across_quintana_roo_and_yucatan_mexico,beryl_qr,hurricane,EVAC,-8.0,preferred_snap,0.12183737847793855,-0.2182305293802359,90.0,INFL,0.12279842972631139,0.12279842972631139,0.12279842972631139,13,24.0,0.03472541389328665,0.007211040105832733,0.20765886701862524,1,1,R24_72,0,24.0
hurricane_beryl_across_quintana_roo_and_yucatan_mexico,beryl_qr,hurricane,EVAC,-8.0,preferred_snap,0.12183737847793855,-0.2182305293802359,100.0,INFL,0.05706770201459488,0.05706770201459488,0.05706770201459488,13,24.0,0.0005838144074692408,0.0025038208952730123,4.288727484692864,1,1,R24_72,0,24.0
hurricane_beryl_across_quintana_roo_and_yucatan_mexico,beryl_qr,hurricane,EVAC,-8.0,preferred_snap,0.12183737847793855,-0.2182305293802359,110.0,INFL,0.12969729769526062,0.12969729769526062,0.12969729769526062,13,24.0,0.0088802763351703,0.023672079318780348,2.6656917448646467,1,1,R24_72,0,24.0
hurricane_beryl_across_quintana_roo_and_yucatan_mexico,beryl_qr,hurricane,EVAC,-8.0,preferred_snap,0.12183737847793855,-0.2182305293802359,120.0,EVAC,-0.1585382983995438,-0.1585382983995438,0.1585382983995438,13,24.0,0.041030976577073774,0.03678619290819396,0.8965468525735357,1,1,R24_72,0,24.0
hurricane_beryl_across_quintana_roo_and_yucatan_mexico,beryl_qr,hurricane,EVAC,-8.0,preferred_snap,0.12183737847793855,-0.2182305293802359,130.0,INFL,0.15030335038587883,0.15030335038587883,0.15030335038587883,13,24.0,0.02405491710400398,0.030260813910325757,1.2579887005841643,1,1,R24_72,0,24.0
hurricane_beryl_across_quintana_roo_and_yucatan_mexico,beryl_qr,hurricane,EVAC,-8.0,preferred_snap,0.12183737847793855,-0.2182305293802359,140.0,EVAC,-0.11202931888825085,-0.11202931888825085,0.11202931888825085,13,24.0,0.024647540722553152,0.014141973350706771,0.5737681300498468,1,1,R24_72,0,24.0
hurricane_beryl_across_quintana_roo_and_yucatan_mexico,beryl_qr,hurricane,EVAC,-8.0,preferred_snap,0.12183737847793855,-0.2182305293802359,150.0,EVAC,-0.05330015498482321,-0.05330015498482321,0.05330015498482321,13,24.0,0.010836463342058011,0.005327111189561973,0.4915913081057193,1,1,R24_72,0,24.0
hurricane_beryl_across_quintana_roo_and_yucatan_mexico,beryl_qr,hurricane,EVAC,-8.0,preferred_snap,0.12183737847793855,-0.2182305293802359,160.0,EVAC,-0.06981629921444499,-0.06981629921444499,0.06981629921444499,13,48.0,0.03533903834268637,0.018567903312862843,0.5254218615913635,1,1,R24_72,0,24.0
hurricane_beryl_across_quintana_roo_and_yucatan_mexico,beryl_qr,hurricane,EVAC,-8.0,preferred_snap,0.12183737847793855,-0.2182305293802359,170.0,EVAC,-0.0675728290318488,-0.0675728290318488,0.0675728290318488,13,24.0,0.02855824723798983,0.020144988126110874,0.7054000183636217,1,1,R24_72,0,24.0
hurricane_beryl_across_quintana_roo_and_yucatan_mexico,beryl_qr,hurricane,EVAC,-8.0,preferred_snap,0.12183737847793855,-0.2182305293802359,180.0,EVAC,-0.0173797216115692,-0.0173797216115692,0.0173797216115692,13,72.0,0.01887614490691325,0.004435597155623583,0.2349842712851329,1,1,R24_72,0,24.0
hurricane_beryl_across_quintana_roo_and_yucatan_mexico,beryl_qr,hurricane,EVAC,-8.0,preferred_snap,0.12183737847793855,-0.2182305293802359,190.0,INFL,0.25552849424343593,0.25552849424343593,0.25552849424343593,13,24.0,0.0555598245577289,0.01909384054018992,0.34366272197909215,1,1,R24_72,0,24.0
hurricane_beryl_across_quintana_roo_and_yucatan_mexico,beryl_qr,hurricane,EVAC,-8.0,preferred_snap,0.12183737847793855,-0.2182305293802359,200.0,EVAC,-0.03516670697127844,-0.03516670697127844,0.03516670697127844,13,24.0,0.00032182209611042456,0.00935694223409178,29.074890590735567,1,1,R24_72,0,24.0
hurricane_beryl_across_southeastern_texas_us,beryl_tx,hurricane,EVAC,-8.0,preferred_snap,0.11823524674694585,-0.1686674012421007,0.0,INFL,0.08395703464623117,0.028570535406030828,0.028570535406030828,14,288.0,0.1393435338864315,0.07951639855064863,0.570650078499204,1,1,R24_72,0,24.0
hurricane_beryl_across_southeastern_texas_us,beryl_tx,hurricane,EVAC,-8.0,preferred_snap,0.11823524674694585,-0.1686674012421007,10.0,EVAC,-0.17883935090497138,-0.2609388255392612,0.2609388255392612,14,24.0,0.09673987627068159,0.018416909693956374,0.1903755762765833,1,1,R24_72,0,24.0
hurricane_beryl_across_southeastern_texas_us,beryl_tx,hurricane,EVAC,-8.0,preferred_snap,0.11823524674694585,-0.1686674012421007,20.0,EVAC,-0.2295380217316917,-0.3061241672908548,0.3061241672908548,14,24.0,0.1529518761725286,0.08308301016629283,0.5431970646281958,1,1,R24_72,0,24.0
hurricane_beryl_across_southeastern_texas_us,beryl_tx,hurricane,EVAC,-8.0,preferred_snap,0.11823524674694585,-0.1686674012421007,30.0,EVAC,-0.2942898655986436,-0.35359480361624784,0.35359480361624784,14,48.0,0.2349849275810394,0.09753347375786925,0.4150626798147844,1,1,R24_72,0,24.0
hurricane_beryl_across_southeastern_texas_us,beryl_tx,hurricane,EVAC,-8.0,preferred_snap,0.11823524674694585,-0.1686674012421007,40.0,EVAC,-0.2400750631989923,-0.29573399551118607,0.29573399551118607,14,48.0,0.18441613088679853,0.08117741313199422,0.4401860766823263,1,1,R24_72,0,24.0
hurricane_beryl_across_southeastern_texas_us,beryl_tx,hurricane,EVAC,-8.0,preferred_snap,0.11823524674694585,-0.1686674012421007,50.0,EVAC,-0.1532191406645368,-0.18786107085102777,0.18786107085102777,14,48.0,0.11857721047804581,0.04557104746066398,0.3843153948127437,1,1,R24_72,0,24.0
hurricane_beryl_across_southeastern_texas_us,beryl_tx,hurricane,EVAC,-8.0,preferred_snap,0.11823524674694585,-0.1686674012421007,60.0,EVAC,-0.1345660421684466,-0.16770673855246243,0.16770673855246243,14,48.0,0.10142534578443074,0.01695005639698921,0.1671185468079629,1,1,R24_72,0,24.0
hurricane_beryl_across_southeastern_texas_us,beryl_tx,hurricane,EVAC,-8.0,preferred_snap,0.11823524674694585,-0.1686674012421007,70.0,EVAC,-0.057020927933743415,-0.09310570020687103,0.09310570020687103,14,24.0,0.020936155660615796,0.012782865959565015,0.6105641439995404,1,1,R24_72,0,24.0
hurricane_beryl_across_southeastern_texas_us,beryl_tx,hurricane,EVAC,-8.0,preferred_snap,0.11823524674694585,-0.1686674012421007,80.0,INFL,0.009824165010833719,-0.012154450298367037,0.012154450298367037,14,144.0,0.031802780320034474,0.02281408913170857,0.7173614665802226,1,1,R24_72,0,24.0
hurricane_beryl_across_southeastern_texas_us,beryl_tx,hurricane,EVAC,-8.0,preferred_snap,0.11823524674694585,-0.1686674012421007,90.0,EVAC,-0.07075212846877593,-0.11314778733541342,0.11314778733541342,14,24.0,0.028356469602138445,0.00023818014680443422,0.008399499308139274,1,1,R24_72,0,24.0
hurricane_beryl_across_southeastern_texas_us,beryl_tx,hurricane,EVAC,-8.0,preferred_snap,0.11823524674694585,-0.1686674012421007,100.0,EVAC,-0.18279161251800968,-0.22750561733053953,0.22750561733053953,14,48.0,0.13807760770547983,0.1049858511835422,0.760339441913547,1,1,R24_72,0,24.0
hurricane_beryl_across_southeastern_texas_us,beryl_tx,hurricane,EVAC,-8.0,preferred_snap,0.11823524674694585,-0.1686674012421007,110.0,EVAC,-0.1363538137424436,-0.11579342818114335,0.11579342818114335,14,168.0,0.15691419930374384,0.10289333572517612,0.6557299223507631,1,1,R24_72,0,24.0
hurricane_beryl_across_southeastern_texas_us,beryl_tx,hurricane,EVAC,-8.0,preferred_snap,0.11823524674694585,-0.1686674012421007,120.0,EVAC,-0.10313216814378234,-0.09640350664989605,0.09640350664989605,14,96.0,0.10986082963766863,0.06637768121629861,0.604197887775092,1,1,R24_72,0,24.0
hurricane_beryl_across_southeastern_texas_us,beryl_tx,hurricane,EVAC,-8.0,preferred_snap,0.11823524674694585,-0.1686674012421007,130.0,EVAC,-0.012089595457989766,0.0005811380726796767,0.0005811380726796767,14,,0.024760328988659208,0.027448521513101176,1.1085685301545558,0,1,R24_72,0,24.0
hurricane_beryl_across_southeastern_texas_us,beryl_tx,hurricane,EVAC,-8.0,preferred_snap,0.11823524674694585,-0.1686674012421007,140.0,INFL,0.008351069728615435,0.030832095488549704,0.030832095488549704,14,24.0,0.014129956031318835,0.020965609053174794,1.4837702967160575,1,1,R24_72,0,24.0
hurricane_beryl_across_southeastern_texas_us,beryl_tx,hurricane,EVAC,-8.0,preferred_snap,0.11823524674694585,-0.1686674012421007,150.0,EVAC,-0.04269541385645059,-0.07441506733901038,0.07441506733901038,14,24.0,0.010975760373890808,0.004029904990796029,0.36716408280763735,1,1,R24_72,0,24.0
hurricane_beryl_across_southeastern_texas_us,beryl_tx,hurricane,EVAC,-8.0,preferred_snap,0.11823524674694585,-0.1686674012421007,160.0,EVAC,-0.02591650795492101,-0.030622928427812002,0.030622928427812002,14,48.0,0.021210087482030016,0.005965137539861165,0.28124059105909177,1,1,R24_72,0,24.0
hurricane_beryl_across_southeastern_texas_us,beryl_tx,hurricane,EVAC,-8.0,preferred_snap,0.11823524674694585,-0.1686674012421007,170.0,EVAC,-0.028511594378263005,-0.005258400357704973,0.005258400357704973,14,120.0,0.05176478839882104,0.02080760622268818,0.4019644794522541,1,1,R24_72,0,24.0
hurricane_beryl_across_southeastern_texas_us,beryl_tx,hurricane,EVAC,-8.0,preferred_snap,0.11823524674694585,-0.1686674012421007,180.0,EVAC,-0.03320527272282059,-0.0286456962820808,0.0286456962820808,14,48.0,0.03776484916356038,0.019256234408892015,0.5098983535057389,1,1,R24_72,0,24.0
hurricane_beryl_across_southeastern_texas_us,beryl_tx,hurricane,EVAC,-8.0,preferred_snap,0.11823524674694585,-0.1686674012421007,190.0,EVAC,-0.028848815939462535,-0.02388698912389342,0.02388698912389342,14,,0.03381064275503165,0.02527807362731538,0.747636589178818,0,1,R24_72,0,24.0
hurricane_beryl_across_southeastern_texas_us,beryl_tx,hurricane,EVAC,-8.0,preferred_snap,0.11823524674694585,-0.1686674012421007,200.0,EVAC,-0.03368659990704681,-0.030057239824830773,0.030057239824830773,14,,0.03731595998926285,0.026310655501815994,0.7050778141413626,0,1,R24_72,0,24.0
hurricane_beryl_pre_landfall_2024,beryl_pre,hurricane,NEUTRAL,16.0,preferred_snap,0.1714251397966239,0.0042813828084239,40.0,INFL,0.020042609818878024,0.1497883735690373,0.1497883735690373,30,24.0,0.0027706019096012113,0.03232401433691823,11.666784111027631,1,1,R24_72,0,24.0
hurricane_beryl_pre_landfall_2024,beryl_pre,hurricane,NEUTRAL,16.0,preferred_snap,0.1714251397966239,0.0042813828084239,50.0,EVAC,-0.011479844202030066,0.0130525148953331,0.0130525148953331,30,168.0,0.01383537774779997,0.01727737257688,1.2487821360444862,1,1,R24_72,0,24.0
hurricane_beryl_pre_landfall_2024,beryl_pre,hurricane,NEUTRAL,16.0,preferred_snap,0.1714251397966239,0.0042813828084239,60.0,EVAC,-0.0476068761633164,0.10957583214446065,0.10957583214446065,30,48.0,0.08959945146940562,0.07701190178426798,0.8595130943470591,1,1,R24_72,0,24.0
hurricane_beryl_pre_landfall_2024,beryl_pre,hurricane,NEUTRAL,16.0,preferred_snap,0.1714251397966239,0.0042813828084239,70.0,EVAC,-0.03282098570321104,0.05680536237186273,0.05680536237186273,30,48.0,0.03442609649884443,0.02950681276553002,0.8571059680414382,1,1,R24_72,0,24.0
hurricane_beryl_pre_landfall_2024,beryl_pre,hurricane,NEUTRAL,16.0,preferred_snap,0.1714251397966239,0.0042813828084239,80.0,EVAC,-0.01759480489663946,0.0026781674683795664,0.0026781674683795664,30,,0.003931823447438032,0.01763251230598717,4.484563597960249,0,1,R24_72,0,24.0
hurricane_beryl_pre_landfall_2024,beryl_pre,hurricane,NEUTRAL,16.0,preferred_snap,0.1714251397966239,0.0042813828084239,90.0,EVAC,-0.041293214991506066,-0.10393086182566935,0.10393086182566935,30,48.0,0.052874885689979445,0.03320802169661119,0.6280490494356679,1,1,R24_72,0,24.0
hurricane_beryl_pre_landfall_2024,beryl_pre,hurricane,NEUTRAL,16.0,preferred_snap,0.1714251397966239,0.0042813828084239,100.0,EVAC,-0.06484491547811795,-0.2205741772541474,0.2205741772541474,30,48.0,0.12496802926476935,0.07289809419260485,0.5833339504630892,1,1,R24_72,0,24.0
hurricane_beryl_pre_landfall_2024,beryl_pre,hurricane,NEUTRAL,16.0,preferred_snap,0.1714251397966239,0.0042813828084239,110.0,EVAC,-0.04349712160797121,0.008390765500559283,0.008390765500559283,30,,0.051668743270268824,0.04205004925504685,0.8138392109730923,0,1,R24_72,0,24.0
hurricane_beryl_pre_landfall_2024,beryl_pre,hurricane,NEUTRAL,16.0,preferred_snap,0.1714251397966239,0.0042813828084239,120.0,EVAC,-0.02695366537273229,0.06683422044688236,0.06683422044688236,30,24.0,0.02193271930099583,0.026628871042314817,1.2141162560314973,1,1,R24_72,0,24.0
hurricane_beryl_pre_landfall_2024,beryl_pre,hurricane,NEUTRAL,16.0,preferred_snap,0.1714251397966239,0.0042813828084239,130.0,EVAC,-0.05782928403853926,0.048437455369706894,0.048437455369706894,30,24.0,0.009057686336443549,0.07161387230787275,7.906419989366904,1,1,R24_72,0,24.0
hurricane_beryl_pre_landfall_2024,beryl_pre,hurricane,NEUTRAL,16.0,preferred_snap,0.1714251397966239,0.0042813828084239,140.0,EVAC,-0.044437138868690856,0.1585127555339505,0.1585127555339505,30,24.0,0.006753606511448407,0.08156353945558703,12.077034591417819,1,1,R24_72,0,24.0
hurricane_beryl_pre_landfall_2024,beryl_pre,hurricane,NEUTRAL,16.0,preferred_snap,0.1714251397966239,0.0042813828084239,150.0,EVAC,-0.1951431551747361,0.04752597220721233,0.04752597220721233,30,,0.09824837321972679,0.14244406261350018,1.4498363478745067,0,1,R24_72,0,24.0
hurricane_beryl_pre_landfall_2024,beryl_pre,hurricane,NEUTRAL,16.0,preferred_snap,0.1714251397966239,0.0042813828084239,170.0,EVAC,-0.18876711921949246,-0.41214429116999063,0.41214429116999063,27,144.0,0.5865081008428568,0.39345059872392485,0.6708357449087342,1,1,R24_72,0,24.0
hurricane_beryl_pre_landfall_2024,beryl_pre,hurricane,NEUTRAL,16.0,preferred_snap,0.1714251397966239,0.0042813828084239,180.0,EVAC,-0.5071147804360149,-0.7575246700483436,0.7575246700483436,30,216.0,0.7442075373546859,0.7077181046960432,0.9509687408053595,1,1,R24_72,0,24.0
hurricane_beryl_pre_landfall_2024,beryl_pre,hurricane,NEUTRAL,16.0,preferred_snap,0.1714251397966239,0.0042813828084239,200.0,EVAC,-0.17811664565729426,-0.6563208285171894,0.6563208285171894,30,48.0,0.5450935380350777,0.17470473759503113,0.320504143609548,1,1,R24_72,0,24.0
hurricane_john_across_southeastern_guerrero_mexico,john_gue,hurricane,INFL,-8.0,preferred_snap,0.10131234143207328,0.0747654742133128,0.0,INFL,0.06550266573067387,0.07147540692951582,0.07147540692951582,6,,0.05184091089298515,0.055180448597059506,1.064418962679266,0,1,R24_72,0,24.0
hurricane_john_across_southeastern_guerrero_mexico,john_gue,hurricane,INFL,-8.0,preferred_snap,0.10131234143207328,0.0747654742133128,10.0,INFL,0.07541797115648076,0.09771870832438023,0.09771870832438023,6,,0.0651183323412674,0.07478692861478953,1.1484773323562965,0,1,R24_72,0,24.0
hurricane_john_across_southeastern_guerrero_mexico,john_gue,hurricane,INFL,-8.0,preferred_snap,0.10131234143207328,0.0747654742133128,20.0,INFL,0.06240078035258218,0.13398054976314766,0.13398054976314766,6,24.0,0.05826847932188994,0.054235057266205144,0.9307786627929117,1,1,R24_72,0,24.0
hurricane_john_across_southeastern_guerrero_mexico,john_gue,hurricane,INFL,-8.0,preferred_snap,0.10131234143207328,0.0747654742133128,30.0,INFL,0.07428664781778406,0.12970725631827618,0.12970725631827618,6,24.0,0.059162981332778974,0.0707294539285861,1.1955018549648169,1,1,R24_72,0,24.0
hurricane_john_across_southeastern_guerrero_mexico,john_gue,hurricane,INFL,-8.0,preferred_snap,0.10131234143207328,0.0747654742133128,40.0,INFL,0.08260443534411668,0.04897864854776324,0.04897864854776324,6,,0.09238935300671769,0.08285808086820512,0.8968358168086799,0,1,R24_72,0,24.0
hurricane_john_across_southeastern_guerrero_mexico,john_gue,hurricane,INFL,-8.0,preferred_snap,0.10131234143207328,0.0747654742133128,50.0,INFL,0.08838034487823936,0.17290007526717366,0.17290007526717366,6,24.0,0.0732028302442862,0.06388674334260225,0.8727359738606403,1,1,R24_72,0,24.0
hurricane_john_across_southeastern_guerrero_mexico,john_gue,hurricane,INFL,-8.0,preferred_snap,0.10131234143207328,0.0747654742133128,60.0,INFL,0.08908588673849256,0.19985684427584105,0.19985684427584105,6,24.0,0.07995348635115951,0.060613704634974175,0.7581120899313372,1,1,R24_72,0,24.0
hurricane_john_across_southeastern_guerrero_mexico,john_gue,hurricane,INFL,-8.0,preferred_snap,0.10131234143207328,0.0747654742133128,70.0,INFL,0.09351809279320447,0.11126990204127596,0.11126990204127596,6,,0.08326724028028498,0.08489857027156456,1.0195914982385434,0,1,R24_72,0,24.0
hurricane_john_across_southeastern_guerrero_mexico,john_gue,hurricane,INFL,-8.0,preferred_snap,0.10131234143207328,0.0747654742133128,80.0,INFL,0.08961360582575341,0.05642093972914419,0.05642093972914419,6,,0.09339162842918247,0.09099821768114902,0.9743723202144575,0,1,R24_72,0,24.0
hurricane_john_across_southeastern_guerrero_mexico,john_gue,hurricane,INFL,-8.0,preferred_snap,0.10131234143207328,0.0747654742133128,90.0,INFL,0.08281849672541318,0.06954346571384118,0.06954346571384118,6,,0.07659831042105791,0.0831595118662074,1.085657260703047,0,1,R24_72,0,24.0
hurricane_john_across_southeastern_guerrero_mexico,john_gue,hurricane,INFL,-8.0,preferred_snap,0.10131234143207328,0.0747654742133128,100.0,INFL,0.08731914740293331,0.07390656320939115,0.07390656320939115,6,,0.08931450784607331,0.08276212471302657,0.9266369675983742,0,1,R24_72,0,24.0
hurricane_john_across_southeastern_guerrero_mexico,john_gue,hurricane,INFL,-8.0,preferred_snap,0.10131234143207328,0.0747654742133128,110.0,INFL,0.10275277392293648,0.16691977897174515,0.16691977897174515,6,24.0,0.060811699875839675,0.07180699939754676,1.1808089486752775,1,1,R24_72,0,24.0
hurricane_john_across_southeastern_guerrero_mexico,john_gue,hurricane,INFL,-8.0,preferred_snap,0.10131234143207328,0.0747654742133128,120.0,INFL,0.07531186627660162,0.08047976203269602,0.08047976203269602,6,,0.0832651344429689,0.07721161443863345,0.9272982618135119,0,1,R24_72,0,24.0
hurricane_john_across_southeastern_guerrero_mexico,john_gue,hurricane,INFL,-8.0,preferred_snap,0.10131234143207328,0.0747654742133128,130.0,INFL,0.10874716809147784,0.1077503064944334,0.1077503064944334,6,,0.11223404620935207,0.09955894885304128,0.8870654869497647,0,1,R24_72,0,24.0
hurricane_john_across_southeastern_guerrero_mexico,john_gue,hurricane,INFL,-8.0,preferred_snap,0.10131234143207328,0.0747654742133128,140.0,INFL,0.12975679500522605,0.13413021669674752,0.13413021669674752,6,,0.11604583498717425,0.10676089135605582,0.9199889971738785,0,1,R24_72,0,24.0
hurricane_john_across_southeastern_guerrero_mexico,john_gue,hurricane,INFL,-8.0,preferred_snap,0.10131234143207328,0.0747654742133128,150.0,INFL,0.08238240572079432,0.09764723769969841,0.09764723769969841,6,,0.07449470501701216,0.08276649513525425,1.1110386317571574,0,1,R24_72,0,24.0
hurricane_john_across_southeastern_guerrero_mexico,john_gue,hurricane,INFL,-8.0,preferred_snap,0.10131234143207328,0.0747654742133128,160.0,INFL,0.09684711602985455,0.09940288082314153,0.09940288082314153,6,,0.088078955091907,0.09336149138860006,1.0599750109567143,0,1,R24_72,0,24.0
hurricane_john_across_southeastern_guerrero_mexico,john_gue,hurricane,INFL,-8.0,preferred_snap,0.10131234143207328,0.0747654742133128,170.0,INFL,0.056749530842676706,0.030787472594352883,0.030787472594352883,6,,0.015523370661593594,0.06470400815719257,4.1681674404178795,0,1,R24_72,0,24.0
hurricane_john_across_southeastern_guerrero_mexico,john_gue,hurricane,INFL,-8.0,preferred_snap,0.10131234143207328,0.0747654742133128,180.0,INFL,0.08405578229891963,0.11879200724704808,0.11879200724704808,6,,0.07558875676965693,0.08102996011806152,1.071984294767351,0,1,R24_72,0,24.0
hurricane_john_across_southeastern_guerrero_mexico,john_gue,hurricane,INFL,-8.0,preferred_snap,0.10131234143207328,0.0747654742133128,190.0,INFL,0.057194930430654045,0.03831506868327805,0.03831506868327805,6,,0.057112023791505706,0.05186813742387697,0.9081824453153302,0,1,R24_72,0,24.0
hurricane_john_across_southeastern_guerrero_mexico,john_gue,hurricane,INFL,-8.0,preferred_snap,0.10131234143207328,0.0747654742133128,200.0,INFL,0.0756143851670276,0.08757607871064743,0.08757607871064743,6,,0.06500934410115566,0.0713943964327799,1.0982174550429087,0,1,R24_72,0,24.0
hurricane_john_southern_mexico_25_september_2024,john_sm,hurricane,INFL,136.0,preferred_snap,0.11693105353575652,0.0845285322756548,0.0,INFL,0.08055767356365551,0.3331714573294531,0.3331714573294531,8,24.0,0.06649459348864051,0.05864692402499694,0.8819803377701044,1,1,R24_72,0,24.0
hurricane_john_southern_mexico_25_september_2024,john_sm,hurricane,INFL,136.0,preferred_snap,0.11693105353575652,0.0845285322756548,10.0,INFL,0.09078559586484776,0.11268381219279577,0.11268381219279577,8,,0.08398427749490778,0.07914600262567495,0.9423907067662017,0,1,R24_72,0,24.0
hurricane_john_southern_mexico_25_september_2024,john_sm,hurricane,INFL,136.0,preferred_snap,0.11693105353575652,0.0845285322756548,20.0,INFL,0.083954737316659,-0.003755212195949431,0.003755212195949431,8,,0.09012218975194841,0.0880696063462083,0.9772244392708431,0,1,R24_72,0,24.0
hurricane_john_southern_mexico_25_september_2024,john_sm,hurricane,INFL,136.0,preferred_snap,0.11693105353575652,0.0845285322756548,30.0,INFL,0.08325942213015998,0.05669095346942887,0.05669095346942887,8,,0.08270048114412432,0.08418274118028446,1.0179232335248083,0,1,R24_72,0,24.0
hurricane_john_southern_mexico_25_september_2024,john_sm,hurricane,INFL,136.0,preferred_snap,0.11693105353575652,0.0845285322756548,40.0,INFL,0.08395307009511588,0.1581661456481449,0.1581661456481449,8,48.0,0.08542969493921171,0.0744422052492113,0.8713855914173795,1,1,R24_72,0,24.0
hurricane_john_southern_mexico_25_september_2024,john_sm,hurricane,INFL,136.0,preferred_snap,0.11693105353575652,0.0845285322756548,50.0,INFL,0.08466069468349072,0.17202280072461007,0.17202280072461007,8,24.0,0.08353853499979236,0.07294937174066751,0.873242171901253,1,1,R24_72,0,24.0
hurricane_john_southern_mexico_25_september_2024,john_sm,hurricane,INFL,136.0,preferred_snap,0.11693105353575652,0.0845285322756548,60.0,INFL,0.07775741960988324,0.16195244294264288,0.16195244294264288,8,24.0,0.07734799081386945,0.06498827291657605,0.840206348384202,1,1,R24_72,0,24.0
hurricane_john_southern_mexico_25_september_2024,john_sm,hurricane,INFL,136.0,preferred_snap,0.11693105353575652,0.0845285322756548,70.0,INFL,0.07915748792196531,0.1589360735911287,0.1589360735911287,8,24.0,0.07715449404664798,0.07185612992103163,0.9313278611818395,1,1,R24_72,0,24.0
hurricane_john_southern_mexico_25_september_2024,john_sm,hurricane,INFL,136.0,preferred_snap,0.11693105353575652,0.0845285322756548,80.0,INFL,0.08420276166396892,0.1570765122236537,0.1570765122236537,8,24.0,0.07423579238811251,0.07348676309973645,0.9899101327771912,1,1,R24_72,0,24.0
hurricane_john_southern_mexico_25_september_2024,john_sm,hurricane,INFL,136.0,preferred_snap,0.11693105353575652,0.0845285322756548,90.0,INFL,0.08633466895462082,0.07943094281105378,0.07943094281105378,8,,0.08612570604224223,0.08206448787598264,0.9528454586570508,0,1,R24_72,0,24.0
hurricane_john_southern_mexico_25_september_2024,john_sm,hurricane,INFL,136.0,preferred_snap,0.11693105353575652,0.0845285322756548,100.0,INFL,0.08420265762881161,0.08845205362616793,0.08845205362616793,8,,0.07797021915302205,0.08528672296917073,1.0938371585411286,0,1,R24_72,0,24.0
hurricane_john_southern_mexico_25_september_2024,john_sm,hurricane,INFL,136.0,preferred_snap,0.11693105353575652,0.0845285322756548,110.0,INFL,0.0921327264159836,0.0725216957852477,0.0725216957852477,8,,0.10209303889522792,0.09297029382745858,0.9106428296533374,0,1,R24_72,0,24.0
hurricane_john_southern_mexico_25_september_2024,john_sm,hurricane,INFL,136.0,preferred_snap,0.11693105353575652,0.0845285322756548,120.0,INFL,0.07816359649682202,0.13905377879823644,0.13905377879823644,8,48.0,0.07172912215217409,0.07457111724442234,1.039621216696601,1,1,R24_72,0,24.0
hurricane_john_southern_mexico_25_september_2024,john_sm,hurricane,INFL,136.0,preferred_snap,0.11693105353575652,0.0845285322756548,130.0,INFL,0.06640132405701196,0.1020523614447355,0.1020523614447355,8,,0.06864787963661567,0.059117672565253576,0.8611725937959075,0,1,R24_72,0,24.0
hurricane_john_southern_mexico_25_september_2024,john_sm,hurricane,INFL,136.0,preferred_snap,0.11693105353575652,0.0845285322756548,140.0,INFL,0.0680974061535543,0.10742792274712243,0.10742792274712243,8,,0.07269087462810808,0.060756626544421044,0.8358219220123084,0,1,R24_72,0,24.0
hurricane_john_southern_mexico_25_september_2024,john_sm,hurricane,INFL,136.0,preferred_snap,0.11693105353575652,0.0845285322756548,150.0,INFL,0.07762128611820496,0.0663766240235153,0.0663766240235153,8,,0.0869978592047107,0.0843009385424609,0.969000149119718,0,1,R24_72,0,24.0
hurricane_john_southern_mexico_25_september_2024,john_sm,hurricane,INFL,136.0,preferred_snap,0.11693105353575652,0.0845285322756548,160.0,INFL,0.07542008626006007,0.08552129587462032,0.08552129587462032,8,,0.0920524367438571,0.08246404463881163,0.8958377154998525,0,1,R24_72,0,24.0
hurricane_john_southern_mexico_25_september_2024,john_sm,hurricane,INFL,136.0,preferred_snap,0.11693105353575652,0.0845285322756548,170.0,INFL,0.07857397507733688,0.10628158808813892,0.10628158808813892,8,,0.10952881191326225,0.09244435342827106,0.8440185903000513,0,1,R24_72,0,24.0
hurricane_john_southern_mexico_25_september_2024,john_sm,hurricane,INFL,136.0,preferred_snap,0.11693105353575652,0.0845285322756548,180.0,INFL,0.10218269610731494,0.12227985425100152,0.12227985425100152,8,,0.12195500378607105,0.09840080087540404,0.8068615294212534,0,1,R24_72,0,24.0
hurricane_john_southern_mexico_25_september_2024,john_sm,hurricane,INFL,136.0,preferred_snap,0.11693105353575652,0.0845285322756548,190.0,INFL,0.055788949829360265,0.1182735262468344,0.1182735262468344,8,192.0,0.09564510430436446,0.0872468175199721,0.9121932393145068,1,1,R24_72,0,24.0
hurricane_john_southern_mexico_25_september_2024,john_sm,hurricane,INFL,136.0,preferred_snap,0.11693105353575652,0.0845285322756548,200.0,INFL,0.09595141255237746,0.05342507023640519,0.05342507023640519,8,,0.10922458522598255,0.10904983338130658,0.9984000685897373,0,1,R24_72,0,24.0
hurricane_milton_across_florida_us,milton_fl,hurricane,INFL,64.0,preferred_snap,0.14026091970829224,0.1179022527130344,0.0,INFL,0.120006429389715,0.16979787786487832,0.16979787786487832,6,,0.15856721414414565,0.1324961913329683,0.835583774666827,0,1,R24_72,0,24.0
hurricane_milton_across_florida_us,milton_fl,hurricane,INFL,64.0,preferred_snap,0.14026091970829224,0.1179022527130344,10.0,INFL,0.09892036040503432,0.1640309275395757,0.1640309275395757,6,,0.16172444940846464,0.11200836143617088,0.6925876813670473,0,1,R24_72,0,24.0
hurricane_milton_across_florida_us,milton_fl,hurricane,INFL,64.0,preferred_snap,0.14026091970829224,0.1179022527130344,20.0,INFL,0.10635340755116167,0.144357440741824,0.144357440741824,6,,0.1373244426013942,0.1274972292483143,0.9284379884096459,0,1,R24_72,0,24.0
hurricane_milton_across_florida_us,milton_fl,hurricane,INFL,64.0,preferred_snap,0.14026091970829224,0.1179022527130344,30.0,INFL,0.13156496162165815,0.1688235035357677,0.1688235035357677,6,,0.14211895951997966,0.1248282044849871,0.8783360426125146,0,1,R24_72,0,24.0
hurricane_milton_across_florida_us,milton_fl,hurricane,INFL,64.0,preferred_snap,0.14026091970829224,0.1179022527130344,40.0,INFL,0.1330969351384752,0.19655682841609567,0.19655682841609567,6,,0.16311636081441616,0.11037021758195609,0.6766348699228802,0,1,R24_72,0,24.0
hurricane_milton_across_florida_us,milton_fl,hurricane,INFL,64.0,preferred_snap,0.14026091970829224,0.1179022527130344,50.0,INFL,0.11747142217216267,0.17316476828086125,0.17316476828086125,6,,0.1465560294934265,0.0907569023642889,0.6192642000332005,0,1,R24_72,0,24.0
hurricane_milton_across_florida_us,milton_fl,hurricane,INFL,64.0,preferred_snap,0.14026091970829224,0.1179022527130344,60.0,INFL,0.10989002493239397,0.1445602167504565,0.1445602167504565,6,,0.1287129020067257,0.09221543517175168,0.7164428253426615,0,1,R24_72,0,24.0
hurricane_milton_across_florida_us,milton_fl,hurricane,INFL,64.0,preferred_snap,0.14026091970829224,0.1179022527130344,70.0,INFL,0.13220601334876564,0.15048023567615898,0.15048023567615898,6,,0.14153690136797037,0.10674581988421261,0.7541907364969985,0,1,R24_72,0,24.0
hurricane_milton_across_florida_us,milton_fl,hurricane,INFL,64.0,preferred_snap,0.14026091970829224,0.1179022527130344,80.0,INFL,0.10372569270828731,0.1265726731943395,0.1265726731943395,6,,0.14071401547895168,0.10381287713660492,0.7377579040954416,0,1,R24_72,0,24.0
hurricane_milton_across_florida_us,milton_fl,hurricane,INFL,64.0,preferred_snap,0.14026091970829224,0.1179022527130344,90.0,INFL,0.09148926072216612,0.1163418098084128,0.1163418098084128,6,,0.12580956716021885,0.12158485533256069,0.9664197888680598,0,1,R24_72,0,24.0
hurricane_milton_across_florida_us,milton_fl,hurricane,INFL,64.0,preferred_snap,0.14026091970829224,0.1179022527130344,100.0,INFL,0.07483534991332559,0.10121011237873523,0.10121011237873523,6,,0.10772031985194164,0.0979330902830533,0.9091422158573184,0,1,R24_72,0,24.0
hurricane_milton_across_florida_us,milton_fl,hurricane,INFL,64.0,preferred_snap,0.14026091970829224,0.1179022527130344,110.0,INFL,0.0850308028238452,0.1047472239451297,0.1047472239451297,6,,0.109690753530165,0.09051822900486095,0.8252129381166883,0,1,R24_72,0,24.0
hurricane_milton_across_florida_us,milton_fl,hurricane,INFL,64.0,preferred_snap,0.14026091970829224,0.1179022527130344,120.0,INFL,0.08016314726676976,0.10804136357477767,0.10804136357477767,6,,0.11638903666542522,0.09844812660188329,0.8458539517333122,0,1,R24_72,0,24.0
hurricane_milton_across_florida_us,milton_fl,hurricane,INFL,64.0,preferred_snap,0.14026091970829224,0.1179022527130344,130.0,INFL,0.09648831330974994,0.1220441932805485,0.1220441932805485,6,,0.1317275588567428,0.10453666546503837,0.7935823480849953,0,1,R24_72,0,24.0
hurricane_milton_across_florida_us,milton_fl,hurricane,INFL,64.0,preferred_snap,0.14026091970829224,0.1179022527130344,140.0,INFL,0.13354589605929829,0.1571923385842724,0.1571923385842724,6,,0.14235566891141382,0.10699743913523307,0.7516205006336366,0,1,R24_72,0,24.0
hurricane_milton_across_florida_us,milton_fl,hurricane,INFL,64.0,preferred_snap,0.14026091970829224,0.1179022527130344,150.0,INFL,0.14256507249217049,0.16235709226684625,0.16235709226684625,6,,0.14478143335445792,0.11314719493144887,0.7815034863927529,0,1,R24_72,0,24.0
hurricane_milton_across_florida_us,milton_fl,hurricane,INFL,64.0,preferred_snap,0.14026091970829224,0.1179022527130344,160.0,INFL,0.1312589784181528,0.14601118116116218,0.14601118116116218,6,,0.13249481722199152,0.09769066217138178,0.737316856762055,0,1,R24_72,0,24.0
hurricane_milton_across_florida_us,milton_fl,hurricane,INFL,64.0,preferred_snap,0.14026091970829224,0.1179022527130344,170.0,INFL,0.11894824631152526,0.12568515390637502,0.12568515390637502,6,,0.11173179293282964,0.08291651954711021,0.7421031863057773,0,1,R24_72,0,24.0
hurricane_milton_across_florida_us,milton_fl,hurricane,INFL,64.0,preferred_snap,0.14026091970829224,0.1179022527130344,180.0,INFL,0.11045858304570907,0.12519339131635143,0.12519339131635143,6,,0.11851592302649383,0.09309085307556297,0.7854712742249228,0,1,R24_72,0,24.0
hurricane_milton_across_florida_us,milton_fl,hurricane,INFL,64.0,preferred_snap,0.14026091970829224,0.1179022527130344,190.0,INFL,0.10934535182072955,0.1172999716206411,0.1172999716206411,6,,0.10327149314352657,0.06858494569684592,0.6641227274745284,0,1,R24_72,0,24.0
hurricane_milton_across_florida_us,milton_fl,hurricane,INFL,64.0,preferred_snap,0.14026091970829224,0.1179022527130344,200.0,INFL,0.11907441351610329,0.1210110100309274,0.1210110100309274,6,,0.10723005024712928,0.06889875595583206,0.6425321614327658,0,1,R24_72,0,24.0
moldova_flooding_2024,moldova,flood,INFL,448.0,preferred_snap,0.06299469886468742,0.0454533432570181,0.0,INFL,0.039975115046344795,0.09456895592060954,0.09456895592060954,8,48.0,0.060601020284219764,0.04853813414279551,0.8009458242641935,1,1,R24_72,0,24.0
moldova_flooding_2024,moldova,flood,INFL,448.0,preferred_snap,0.06299469886468742,0.0454533432570181,10.0,INFL,0.025786495509417483,0.07056216002603555,0.07056216002603555,8,48.0,0.04140647694251154,0.022195566610287987,0.536040934878477,1,1,R24_72,0,24.0
moldova_flooding_2024,moldova,flood,INFL,448.0,preferred_snap,0.06299469886468742,0.0454533432570181,20.0,INFL,0.12036225886094774,0.18773373304009922,0.18773373304009922,8,,0.17166581911596968,0.13852106494030036,0.8069228088249868,0,1,R24_72,0,24.0
moldova_flooding_2024,moldova,flood,INFL,448.0,preferred_snap,0.06299469886468742,0.0454533432570181,30.0,INFL,0.08348793220752958,0.126832662613374,0.126832662613374,8,192.0,0.11404341465263257,0.10135120827936217,0.8887072400284587,1,1,R24_72,0,24.0
moldova_flooding_2024,moldova,flood,INFL,448.0,preferred_snap,0.06299469886468742,0.0454533432570181,40.0,EVAC,-0.0025386579068248636,0.025335985025521035,0.025335985025521035,8,24.0,0.006554579759191825,0.0007852032993844738,0.11979460594454475,1,1,R24_72,0,24.0
moldova_flooding_2024,moldova,flood,INFL,448.0,preferred_snap,0.06299469886468742,0.0454533432570181,50.0,INFL,0.0056469158246942,0.03536432904295461,0.03536432904295461,8,24.0,0.0028962202081335153,0.004027515613602817,1.3906109771253792,1,1,R24_72,0,24.0
moldova_flooding_2024,moldova,flood,INFL,448.0,preferred_snap,0.06299469886468742,0.0454533432570181,60.0,EVAC,-0.008448826513072528,0.048631158863832624,0.048631158863832624,8,24.0,0.017716950075986393,0.005251142548245991,0.2963908870163497,1,1,R24_72,0,24.0
moldova_flooding_2024,moldova,flood,INFL,448.0,preferred_snap,0.06299469886468742,0.0454533432570181,70.0,INFL,0.03039027161647416,0.07284656930343458,0.07284656930343458,8,72.0,0.05601611471949752,0.028087330571647806,0.5014151858317202,1,1,R24_72,0,24.0
moldova_flooding_2024,moldova,flood,INFL,448.0,preferred_snap,0.06299469886468742,0.0454533432570181,80.0,INFL,0.061705644147880524,0.09724487510434865,0.09724487510434865,8,,0.08815225927402004,0.059420135795998474,0.6740625400341905,0,1,R24_72,0,24.0
moldova_flooding_2024,moldova,flood,INFL,448.0,preferred_snap,0.06299469886468742,0.0454533432570181,90.0,NEUTRAL,-0.0005606620063928732,0.041207033990569686,0.041207033990569686,8,24.0,0.0008423781259427887,0.001327967958530074,1.5764511418714888,1,1,R24_72,0,24.0
moldova_flooding_2024,moldova,flood,INFL,448.0,preferred_snap,0.06299469886468742,0.0454533432570181,100.0,INFL,0.011688740548762582,0.03150868018343278,0.03150868018343278,8,48.0,0.02153017760006959,0.02281467378920321,1.0596602690880483,1,1,R24_72,0,24.0
moldova_flooding_2024,moldova,flood,INFL,448.0,preferred_snap,0.06299469886468742,0.0454533432570181,110.0,INFL,0.02979699975387163,0.06914882750588958,0.06914882750588958,8,72.0,0.04205425436959409,0.015067975402694334,0.3582984796322706,1,1,R24_72,0,24.0
moldova_flooding_2024,moldova,flood,INFL,448.0,preferred_snap,0.06299469886468742,0.0454533432570181,120.0,EVAC,-0.0046848472695973815,0.02346480227279768,0.02346480227279768,8,24.0,0.007533477699173119,0.010981232781552386,1.4576578334807702,1,1,R24_72,0,24.0
moldova_flooding_2024,moldova,flood,INFL,448.0,preferred_snap,0.06299469886468742,0.0454533432570181,130.0,INFL,0.010905484099319478,0.051877973767835206,0.051877973767835206,8,48.0,0.03095911879946911,0.0061102357550555375,0.19736465351721563,1,1,R24_72,0,24.0
moldova_flooding_2024,moldova,flood,INFL,448.0,preferred_snap,0.06299469886468742,0.0454533432570181,140.0,INFL,0.03328852897071438,0.058504609059554236,0.058504609059554236,8,,0.05754932846894856,0.040843610379038164,0.7097148040758778,0,1,R24_72,0,24.0
moldova_flooding_2024,moldova,flood,INFL,448.0,preferred_snap,0.06299469886468742,0.0454533432570181,150.0,NEUTRAL,-0.0005710411091828925,0.04636746998518526,0.04636746998518526,8,24.0,0.014012677346797897,0.019755286702599628,1.4098152846653536,1,1,R24_72,0,24.0
moldova_flooding_2024,moldova,flood,INFL,448.0,preferred_snap,0.06299469886468742,0.0454533432570181,160.0,EVAC,-0.033366188109622455,0.012567468740641408,0.012567468740641408,8,24.0,0.005955006508185701,0.04691198396628937,7.877738488077983,1,1,R24_72,0,24.0
moldova_flooding_2024,moldova,flood,INFL,448.0,preferred_snap,0.06299469886468742,0.0454533432570181,170.0,EVAC,-0.0015012361588128238,0.023102766098871408,0.023102766098871408,8,120.0,0.018261200071758354,0.025707384114471155,1.4077598412728969,1,1,R24_72,0,24.0
moldova_flooding_2024,moldova,flood,INFL,448.0,preferred_snap,0.06299469886468742,0.0454533432570181,180.0,NEUTRAL,0.000910458699420757,0.07959322687352177,0.07959322687352177,8,24.0,0.0054173727036399555,0.013711821539529101,2.5310832925185434,1,1,R24_72,0,24.0
moldova_flooding_2024,moldova,flood,INFL,448.0,preferred_snap,0.06299469886468742,0.0454533432570181,190.0,EVAC,-0.07567929780194838,-0.06343068987523959,0.06343068987523959,8,48.0,0.0695328048842867,0.09727758690779942,1.399017155566848,1,1,R24_72,0,24.0
spain_flood,spain_flood,flood,INFL,104.0,preferred_snap,0.12765526159753676,0.1384680031755251,0.0,INFL,0.08329697135912124,0.14608594008582906,0.14608594008582906,5,72.0,0.1249697270770836,0.026379513866381377,0.2110872327512567,1,1,R24_72,1,8.0
spain_flood,spain_flood,flood,INFL,104.0,preferred_snap,0.12765526159753676,0.1384680031755251,10.0,EVAC,-0.021370254307411955,0.04862904420539016,0.04862904420539016,5,48.0,0.051368235415573116,0.009989724289707605,0.19447279449819407,1,1,R24_72,1,8.0
spain_flood,spain_flood,flood,INFL,104.0,preferred_snap,0.12765526159753676,0.1384680031755251,20.0,INFL,0.17230096004134418,0.21309653472032028,0.21309653472032028,5,,0.20824557355503917,0.13810086004302521,0.6631634837920108,0,1,R24_72,1,8.0
spain_flood,spain_flood,flood,INFL,104.0,preferred_snap,0.12765526159753676,0.1384680031755251,30.0,INFL,0.15694560777435265,0.20939283332957315,0.20939283332957315,5,,0.2022660096314277,0.15760649697596799,0.7792040652958003,0,1,R24_72,1,8.0
spain_flood,spain_flood,flood,INFL,104.0,preferred_snap,0.12765526159753676,0.1384680031755251,40.0,INFL,0.26261134823676535,0.29438187441788505,0.29438187441788505,5,,0.27518472418069967,0.22146389851675408,0.8047826752597289,0,1,R24_72,1,8.0
spain_flood,spain_flood,flood,INFL,104.0,preferred_snap,0.12765526159753676,0.1384680031755251,50.0,INFL,0.2124918622700794,0.2301906727659726,0.2301906727659726,5,,0.22940946829736109,0.1879775180653355,0.8193973834666606,0,1,R24_72,1,8.0
spain_flood,spain_flood,flood,INFL,104.0,preferred_snap,0.12765526159753676,0.1384680031755251,60.0,INFL,0.18627334895337683,0.2169574697710325,0.2169574697710325,5,,0.21326534407356976,0.153150793777843,0.7181232114534786,0,1,R24_72,1,8.0
spain_flood,spain_flood,flood,INFL,104.0,preferred_snap,0.12765526159753676,0.1384680031755251,70.0,INFL,0.19480869621080613,0.2478814895965614,0.2478814895965614,5,,0.22157012193721473,0.17484844407838854,0.7891336726706072,0,1,R24_72,1,8.0
spain_flood,spain_flood,flood,INFL,104.0,preferred_snap,0.12765526159753676,0.1384680031755251,80.0,INFL,0.01958019049404037,0.07446462379838985,0.07446462379838985,5,48.0,0.049871782029239475,0.0011354096742754265,0.022766575166889843,1,1,R24_72,1,8.0
spain_flood,spain_flood,flood,INFL,104.0,preferred_snap,0.12765526159753676,0.1384680031755251,90.0,INFL,0.010007216169592117,0.06448860414431386,0.06448860414431386,5,24.0,0.02573881408274692,0.010002465533903418,0.388614079178116,1,1,R24_72,1,8.0
spain_flood,spain_flood,flood,INFL,104.0,preferred_snap,0.12765526159753676,0.1384680031755251,100.0,INFL,0.05816719636626047,0.1136205651428001,0.1136205651428001,5,48.0,0.08383443131987771,0.04261652135496963,0.5083415093777223,1,1,R24_72,1,8.0
spain_flood,spain_flood,flood,INFL,104.0,preferred_snap,0.12765526159753676,0.1384680031755251,110.0,INFL,0.11168115453952747,0.15575642574975687,0.15575642574975687,5,,0.13258702421507307,0.0936345460333196,0.7062119885987668,0,1,R24_72,1,8.0
spain_flood,spain_flood,flood,INFL,104.0,preferred_snap,0.12765526159753676,0.1384680031755251,120.0,INFL,0.057763761185212474,0.10336523432562743,0.10336523432562743,5,72.0,0.08951881490144349,0.03904838718677165,0.43620312925011695,1,1,R24_72,1,8.0
spain_flood,spain_flood,flood,INFL,104.0,preferred_snap,0.12765526159753676,0.1384680031755251,130.0,INFL,0.05696239870301931,0.09640869064545332,0.09640869064545332,5,72.0,0.08623441037123374,0.030450472654662053,0.35311278321002804,1,1,R24_72,1,8.0
spain_flood,spain_flood,flood,INFL,104.0,preferred_snap,0.12765526159753676,0.1384680031755251,140.0,EVAC,-0.01881035495226994,0.028699397854599813,0.028699397854599813,5,24.0,0.009971556340282461,0.050485871668307425,5.06298815806293,1,1,R24_72,1,8.0
spain_flood,spain_flood,flood,INFL,104.0,preferred_snap,0.12765526159753676,0.1384680031755251,150.0,INFL,0.024649518848143856,0.06021084195044657,0.06021084195044657,5,48.0,0.05296979823505277,0.0044368762852360355,0.08376237843209175,1,1,R24_72,1,8.0
spain_flood,spain_flood,flood,INFL,104.0,preferred_snap,0.12765526159753676,0.1384680031755251,160.0,INFL,0.07677791642746433,0.10517435031596167,0.10517435031596167,5,72.0,0.10567145613105766,0.052252614586562496,0.4944818260264803,1,1,R24_72,1,8.0
spain_flood,spain_flood,flood,INFL,104.0,preferred_snap,0.12765526159753676,0.1384680031755251,170.0,INFL,0.014682527611608856,0.04409787701628809,0.04409787701628809,5,48.0,0.03435135864401636,0.02580924031711851,0.7513309905608115,1,1,R24_72,1,8.0
spain_flood,spain_flood,flood,INFL,104.0,preferred_snap,0.12765526159753676,0.1384680031755251,180.0,INFL,0.055887337793288756,0.08858116279331633,0.08858116279331633,5,72.0,0.07872164938324404,0.020286754718332706,0.2577023585922319,1,1,R24_72,1,8.0
spain_flood,spain_flood,flood,INFL,104.0,preferred_snap,0.12765526159753676,0.1384680031755251,190.0,INFL,0.06229787303922069,0.09163335444739062,0.09163335444739062,5,72.0,0.08974001655168247,0.028555350773042092,0.3182008636759799,1,1,R24_72,1,8.0
spain_flood,spain_flood,flood,INFL,104.0,preferred_snap,0.12765526159753676,0.1384680031755251,200.0,INFL,0.020557021506992942,0.04764350647136384,0.04764350647136384,5,48.0,0.04926814450557626,0.0037551836827226146,0.07621930398246672,1,1,R24_72,1,8.0
the_earthquake_across_central_mexico,the_earthquake_across_,earthquake,INFL,32.0,preferred_snap,0.24759529687456983,0.2504894683816717,0.0,INFL,0.2973446902794777,0.4032220929182759,0.4032220929182759,4,96.0,0.3085409587930216,0.22362380126784584,0.7247783313523029,1,1,R24_72,1,8.0
the_earthquake_across_central_mexico,the_earthquake_across_,earthquake,INFL,32.0,preferred_snap,0.24759529687456983,0.2504894683816717,10.0,INFL,0.2942709336997308,0.41958316119315825,0.41958316119315825,4,72.0,0.29875369808910107,0.19848973235360057,0.6643925535422242,1,1,R24_72,1,8.0
the_earthquake_across_central_mexico,the_earthquake_across_,earthquake,INFL,32.0,preferred_snap,0.24759529687456983,0.2504894683816717,20.0,INFL,0.21620097614992914,0.3167822959697701,0.3167822959697701,4,72.0,0.22213356851619404,0.15786796058358252,0.7106893462258208,1,1,R24_72,1,8.0
the_earthquake_across_central_mexico,the_earthquake_across_,earthquake,INFL,32.0,preferred_snap,0.24759529687456983,0.2504894683816717,30.0,INFL,0.21568392079222565,0.32590190403716573,0.32590190403716573,4,40.0,0.22974282780294267,0.15424718770421922,0.671390655278787,1,1,R24_72,1,8.0
the_earthquake_across_central_mexico,the_earthquake_across_,earthquake,INFL,32.0,preferred_snap,0.24759529687456983,0.2504894683816717,40.0,INFL,0.30357557805037894,0.49508105156213705,0.49508105156213705,4,40.0,0.3012157481070843,0.17793607397402553,0.5907263318475899,1,1,R24_72,1,8.0
the_earthquake_across_central_mexico,the_earthquake_across_,earthquake,INFL,32.0,preferred_snap,0.24759529687456983,0.2504894683816717,50.0,INFL,0.1758607113182879,0.2823503922356598,0.2823503922356598,4,40.0,0.18249793392719407,0.10287791478793078,0.5637209834330125,1,1,R24_72,1,8.0
the_earthquake_across_central_mexico,the_earthquake_across_,earthquake,INFL,32.0,preferred_snap,0.24759529687456983,0.2504894683816717,60.0,INFL,0.18487813113863835,0.277503580858334,0.277503580858334,4,72.0,0.17851637850346935,0.13012303645424703,0.728913713940921,1,1,R24_72,1,8.0
the_earthquake_across_central_mexico,the_earthquake_across_,earthquake,INFL,32.0,preferred_snap,0.24759529687456983,0.2504894683816717,70.0,INFL,0.08584924401144324,0.10093302591259261,0.10093302591259261,4,,0.08589676224442518,0.0866368802714997,1.0086163669937693,0,1,R24_72,1,8.0
the_earthquake_across_central_mexico,the_earthquake_across_,earthquake,INFL,32.0,preferred_snap,0.24759529687456983,0.2504894683816717,80.0,INFL,0.1492581201529766,0.1973665696541047,0.1973665696541047,4,,0.14594744345576594,0.13941749934979883,0.9552582494674104,0,1,R24_72,1,8.0
the_earthquake_across_central_mexico,the_earthquake_across_,earthquake,INFL,32.0,preferred_snap,0.24759529687456983,0.2504894683816717,90.0,INFL,0.13902673275201233,0.19551908229753354,0.19551908229753354,4,,0.13477305182376229,0.11603290827976027,0.8609503658898531,0,1,R24_72,1,8.0
the_earthquake_across_central_mexico,the_earthquake_across_,earthquake,INFL,32.0,preferred_snap,0.24759529687456983,0.2504894683816717,100.0,INFL,0.09848764668273102,0.13256213669700512,0.13256213669700512,4,,0.0993542344995176,0.07871727005956013,0.7922890298142484,0,1,R24_72,1,8.0
the_earthquake_across_central_mexico,the_earthquake_across_,earthquake,INFL,32.0,preferred_snap,0.24759529687456983,0.2504894683816717,110.0,INFL,0.1234569624195339,0.17647898652949282,0.17647898652949282,4,72.0,0.11878463482868384,0.08544902719765697,0.7193609453015125,1,1,R24_72,1,8.0
the_earthquake_across_central_mexico,the_earthquake_across_,earthquake,INFL,32.0,preferred_snap,0.24759529687456983,0.2504894683816717,120.0,INFL,0.15369620075912507,0.23037590050990064,0.23037590050990064,4,72.0,0.1426379559906555,0.10382964681097895,0.7279243879362729,1,1,R24_72,1,8.0
the_earthquake_across_central_mexico,the_earthquake_across_,earthquake,INFL,32.0,preferred_snap,0.24759529687456983,0.2504894683816717,130.0,INFL,0.13394428054865418,0.19283751602995336,0.19283751602995336,4,96.0,0.12158203708072397,0.10712037294260919,0.8810542701426115,1,1,R24_72,1,8.0
the_earthquake_across_central_mexico,the_earthquake_across_,earthquake,INFL,32.0,preferred_snap,0.24759529687456983,0.2504894683816717,140.0,INFL,0.13387116364162294,0.2157643043301607,0.2157643043301607,4,40.0,0.13504926489022506,0.09645287914691725,0.7142051400673604,1,1,R24_72,1,8.0
the_earthquake_across_central_mexico,the_earthquake_across_,earthquake,INFL,32.0,preferred_snap,0.24759529687456983,0.2504894683816717,150.0,INFL,0.15198632459923048,0.21455349792840236,0.21455349792840236,4,96.0,0.1451878979091107,0.12647336425747727,0.8711012837767721,1,1,R24_72,1,8.0
the_earthquake_across_central_mexico,the_earthquake_across_,earthquake,INFL,32.0,preferred_snap,0.24759529687456983,0.2504894683816717,160.0,INFL,0.12646828259481407,0.1742312614492049,0.1742312614492049,4,96.0,0.12391099455132897,0.10804886509092586,0.8719877157161193,1,1,R24_72,1,8.0
the_earthquake_across_central_mexico,the_earthquake_across_,earthquake,INFL,32.0,preferred_snap,0.24759529687456983,0.2504894683816717,170.0,INFL,0.15175389418348395,0.22386129087780104,0.22386129087780104,4,96.0,0.14196377681204217,0.12447938119385153,0.8768390359088593,1,1,R24_72,1,8.0
the_earthquake_across_central_mexico,the_earthquake_across_,earthquake,INFL,32.0,preferred_snap,0.24759529687456983,0.2504894683816717,180.0,INFL,0.1385042858554094,0.20640251759268105,0.20640251759268105,4,40.0,0.1332769064875711,0.11771846328092302,0.8832622723870095,1,1,R24_72,1,8.0
the_earthquake_across_central_mexico,the_earthquake_across_,earthquake,INFL,32.0,preferred_snap,0.24759529687456983,0.2504894683816717,190.0,INFL,0.12033913141488292,0.1890195979892392,0.1890195979892392,4,40.0,0.12111800415816003,0.09113452725204547,0.7524440968581261,1,1,R24_72,1,8.0
the_earthquake_across_central_mexico,the_earthquake_across_,earthquake,INFL,32.0,preferred_snap,0.24759529687456983,0.2504894683816717,200.0,INFL,0.14219042645438495,0.2291710677933918,0.2291710677933918,4,40.0,0.12498937940910111,0.11155316734930465,0.8925011699128566,1,1,R24_72,1,8.0
the_flooding_across_bagmati_and_koshi_provinces_nepal,nepal_fld,flood,EVAC,-8.0,preferred_snap,0.1846441741699349,-0.1036825312156231,10.0,EVAC,-0.170138754630912,-0.14405620312073342,0.14405620312073342,14,48.0,0.24397686034680022,0.022454472050516427,0.09203525292766938,1,1,R24_72,0,24.0
the_flooding_across_bagmati_and_koshi_provinces_nepal,nepal_fld,flood,EVAC,-8.0,preferred_snap,0.1846441741699349,-0.1036825312156231,20.0,EVAC,-0.176175284102705,-0.0787781097698722,0.0787781097698722,14,48.0,0.06164841796227605,0.029652171819918305,0.4809883659636341,1,1,R24_72,0,24.0
the_flooding_across_bagmati_and_koshi_provinces_nepal,nepal_fld,flood,EVAC,-8.0,preferred_snap,0.1846441741699349,-0.1036825312156231,30.0,EVAC,-0.15463673105226008,-0.08014765809661717,0.08014765809661717,14,24.0,0.03334653554766398,0.030327352316493528,0.909460362775768,1,1,R24_72,0,24.0
the_flooding_across_bagmati_and_koshi_provinces_nepal,nepal_fld,flood,EVAC,-8.0,preferred_snap,0.1846441741699349,-0.1036825312156231,40.0,INFL,0.006428306191291783,-0.26149222419508744,0.26149222419508744,14,48.0,0.20641226112062283,0.05587878565101523,0.27071446893535495,1,1,R24_72,0,24.0
the_flooding_across_bagmati_and_koshi_provinces_nepal,nepal_fld,flood,EVAC,-8.0,preferred_snap,0.1846441741699349,-0.1036825312156231,50.0,EVAC,-0.02389019248353036,-0.26421900892805716,0.26421900892805716,14,24.0,0.11691821852570139,0.052076124496099,0.4454064144387509,1,1,R24_72,0,24.0
the_flooding_across_bagmati_and_koshi_provinces_nepal,nepal_fld,flood,EVAC,-8.0,preferred_snap,0.1846441741699349,-0.1036825312156231,60.0,EVAC,-0.060535430806503365,-0.23545526163842245,0.23545526163842245,14,48.0,0.14770235133117038,0.04668799005141078,0.31609510363670135,1,1,R24_72,0,24.0
the_flooding_across_bagmati_and_koshi_provinces_nepal,nepal_fld,flood,EVAC,-8.0,preferred_snap,0.1846441741699349,-0.1036825312156231,70.0,EVAC,-0.03801930762489056,-0.22855926685840833,0.22855926685840833,14,24.0,0.10119152327811265,0.057701454146476205,0.570220234632606,1,1,R24_72,0,24.0
the_flooding_across_bagmati_and_koshi_provinces_nepal,nepal_fld,flood,EVAC,-8.0,preferred_snap,0.1846441741699349,-0.1036825312156231,80.0,EVAC,-0.03511752202929022,-0.2267244509266696,0.2267244509266696,14,48.0,0.11853996876494155,0.0489970849910516,0.41333809601561655,1,1,R24_72,0,24.0
the_flooding_across_bagmati_and_koshi_provinces_nepal,nepal_fld,flood,EVAC,-8.0,preferred_snap,0.1846441741699349,-0.1036825312156231,90.0,EVAC,-0.06748845741070636,-0.1285598547345096,0.1285598547345096,14,24.0,0.04146660563298843,0.02014090731539464,0.4857139138336344,1,1,R24_72,0,24.0
the_flooding_across_bagmati_and_koshi_provinces_nepal,nepal_fld,flood,EVAC,-8.0,preferred_snap,0.1846441741699349,-0.1036825312156231,100.0,EVAC,-0.02228195664130178,-0.2209839203972641,0.2209839203972641,14,24.0,0.10409120119042758,0.05892649253104021,0.5661044531827268,1,1,R24_72,0,24.0
the_flooding_across_bagmati_and_koshi_provinces_nepal,nepal_fld,flood,EVAC,-8.0,preferred_snap,0.1846441741699349,-0.1036825312156231,110.0,EVAC,-0.02316950487670047,-0.19588630423468834,0.19588630423468834,14,48.0,0.13169807563736946,0.058685696769125606,0.44560785330468017,1,1,R24_72,0,24.0
the_flooding_across_bagmati_and_koshi_provinces_nepal,nepal_fld,flood,EVAC,-8.0,preferred_snap,0.1846441741699349,-0.1036825312156231,120.0,EVAC,-0.05295606727998517,-0.19255388977937482,0.19255388977937482,14,48.0,0.09639783174998284,0.05094307405342324,0.5284670114318449,1,1,R24_72,0,24.0
the_flooding_across_bagmati_and_koshi_provinces_nepal,nepal_fld,flood,EVAC,-8.0,preferred_snap,0.1846441741699349,-0.1036825312156231,130.0,EVAC,-0.004046927417565571,-0.21020820429869458,0.21020820429869458,14,24.0,0.08895916149434879,0.005141390232185072,0.057794949343263353,1,1,R24_72,0,24.0
the_flooding_across_bagmati_and_koshi_provinces_nepal,nepal_fld,flood,EVAC,-8.0,preferred_snap,0.1846441741699349,-0.1036825312156231,140.0,EVAC,-0.07396959352732793,-0.22516050455307612,0.22516050455307612,14,24.0,0.10034922010922243,0.040641906271533634,0.4050047048427286,1,1,R24_72,0,24.0
the_flooding_across_bagmati_and_koshi_provinces_nepal,nepal_fld,flood,EVAC,-8.0,preferred_snap,0.1846441741699349,-0.1036825312156231,150.0,EVAC,-0.12953565872594297,-0.16860541263243212,0.16860541263243212,14,24.0,0.07764802296628859,0.0571978643921246,0.7366300158982468,1,1,R24_72,0,24.0
the_flooding_across_bagmati_and_koshi_provinces_nepal,nepal_fld,flood,EVAC,-8.0,preferred_snap,0.1846441741699349,-0.1036825312156231,160.0,EVAC,-0.11483332587919343,-0.1251200096666818,0.1251200096666818,14,24.0,0.051606861728590414,0.042207301147133225,0.8178621937739378,1,1,R24_72,0,24.0
the_flooding_across_bagmati_and_koshi_provinces_nepal,nepal_fld,flood,EVAC,-8.0,preferred_snap,0.1846441741699349,-0.1036825312156231,170.0,EVAC,-0.00958123241051101,-0.2153987973831183,0.2153987973831183,14,24.0,0.09731857552199641,0.06044730066319959,0.6211280872019854,1,1,R24_72,0,24.0
the_flooding_across_bagmati_and_koshi_provinces_nepal,nepal_fld,flood,EVAC,-8.0,preferred_snap,0.1846441741699349,-0.1036825312156231,180.0,EVAC,-0.09083068561668534,-0.19029862945801512,0.19029862945801512,14,24.0,0.04201802646469921,0.03586723355264798,0.853615378218234,1,1,R24_72,0,24.0
the_flooding_across_bagmati_and_koshi_provinces_nepal,nepal_fld,flood,EVAC,-8.0,preferred_snap,0.1846441741699349,-0.1036825312156231,190.0,EVAC,-0.12393356945299236,-0.136167478980324,0.136167478980324,14,24.0,0.044171451516332616,0.03758606105127715,0.8509129711841034,1,1,R24_72,0,24.0
the_flooding_across_bagmati_and_koshi_provinces_nepal,nepal_fld,flood,EVAC,-8.0,preferred_snap,0.1846441741699349,-0.1036825312156231,200.0,EVAC,-0.08319890924839321,-0.16450829374665177,0.16450829374665177,14,24.0,0.06992872440195075,0.04068728236537977,0.5818393330258539,1,1,R24_72,0,24.0
the_flooding_across_eastern_bangladesh,bangladesh_fld,flood,INFL,16.0,preferred_snap,0.08444372699984103,0.0617398520428817,0.0,INFL,0.05877870506419264,0.05496132032223344,0.05496132032223344,10,48.0,0.04479415720182289,0.07125913096156,1.590813075028904,1,1,R24_72,0,24.0
the_flooding_across_eastern_bangladesh,bangladesh_fld,flood,INFL,16.0,preferred_snap,0.08444372699984103,0.0617398520428817,10.0,INFL,0.06511933968661385,0.07155947503137727,0.07155947503137727,10,48.0,0.049791165437552465,0.06825172607067764,1.3707597617147205,1,1,R24_72,0,24.0
the_flooding_across_eastern_bangladesh,bangladesh_fld,flood,INFL,16.0,preferred_snap,0.08444372699984103,0.0617398520428817,20.0,INFL,0.07139893715825862,0.10055361611030422,0.10055361611030422,10,48.0,0.06437469744383129,0.07647288920162199,1.1879339591203004,1,1,R24_72,0,24.0
the_flooding_across_eastern_bangladesh,bangladesh_fld,flood,INFL,16.0,preferred_snap,0.08444372699984103,0.0617398520428817,30.0,INFL,0.07046230815609958,0.12086005292729962,0.12086005292729962,10,24.0,0.056708619324222775,0.06134526287915687,1.0817625893592084,1,1,R24_72,0,24.0
the_flooding_across_eastern_bangladesh,bangladesh_fld,flood,INFL,16.0,preferred_snap,0.08444372699984103,0.0617398520428817,40.0,INFL,0.05673257273125104,0.13858835854732043,0.13858835854732043,10,24.0,0.06060053016379752,0.05221233317595497,0.8615821187509409,1,1,R24_72,0,24.0
the_flooding_across_eastern_bangladesh,bangladesh_fld,flood,INFL,16.0,preferred_snap,0.08444372699984103,0.0617398520428817,50.0,INFL,0.04794724946087486,0.12671712810615565,0.12671712810615565,10,24.0,0.061643896160911815,0.050415259980660876,0.8178467475361985,1,1,R24_72,0,24.0
the_flooding_across_eastern_bangladesh,bangladesh_fld,flood,INFL,16.0,preferred_snap,0.08444372699984103,0.0617398520428817,60.0,INFL,0.04105529299459862,0.1345252529942993,0.1345252529942993,10,24.0,0.04895633810282152,0.029132756981493646,0.5950763090226846,1,1,R24_72,0,24.0
the_flooding_across_eastern_bangladesh,bangladesh_fld,flood,INFL,16.0,preferred_snap,0.08444372699984103,0.0617398520428817,70.0,INFL,0.025832163798436364,0.11849646365480937,0.11849646365480937,10,24.0,0.03470814038764081,0.00013859346339284428,0.003993111179249348,1,1,R24_72,0,24.0
the_flooding_across_eastern_bangladesh,bangladesh_fld,flood,INFL,16.0,preferred_snap,0.08444372699984103,0.0617398520428817,80.0,INFL,0.029849491862348004,0.10349254573440803,0.10349254573440803,10,24.0,0.031604116439134966,0.02659935638230193,0.8416421460010917,1,1,R24_72,0,24.0
the_flooding_across_eastern_bangladesh,bangladesh_fld,flood,INFL,16.0,preferred_snap,0.08444372699984103,0.0617398520428817,90.0,INFL,0.0024901725014006004,0.0784761042691906,0.0784761042691906,10,24.0,0.008421422676677892,0.011568670951664473,1.3737193103610037,1,1,R24_72,0,24.0
the_flooding_across_eastern_bangladesh,bangladesh_fld,flood,INFL,16.0,preferred_snap,0.08444372699984103,0.0617398520428817,100.0,EVAC,-0.012015842833093537,0.034263570200318894,0.034263570200318894,10,72.0,0.024836195710660425,0.0057927589215356345,0.23323857602914652,1,1,R24_72,0,24.0
the_flooding_across_eastern_bangladesh,bangladesh_fld,flood,INFL,16.0,preferred_snap,0.08444372699984103,0.0617398520428817,110.0,NEUTRAL,-2.092957638211157e-05,0.051330304747311706,0.051330304747311706,10,24.0,0.009579189769647223,0.009186946713083843,0.9590525852399076,1,1,R24_72,0,24.0
the_flooding_across_eastern_bangladesh,bangladesh_fld,flood,INFL,16.0,preferred_snap,0.08444372699984103,0.0617398520428817,120.0,EVAC,-0.014691738351207795,0.011873196759103921,0.011873196759103921,10,72.0,0.03062014821647041,0.0049454330240708,0.16150911449248564,1,1,R24_72,0,24.0
the_flooding_across_eastern_bangladesh,bangladesh_fld,flood,INFL,16.0,preferred_snap,0.08444372699984103,0.0617398520428817,130.0,EVAC,-0.006451185075220911,0.011323681516147932,0.011323681516147932,10,72.0,0.03166060586801245,0.0007952477761158372,0.025117895072225928,1,1,R24_72,0,24.0
the_flooding_across_eastern_bangladesh,bangladesh_fld,flood,INFL,16.0,preferred_snap,0.08444372699984103,0.0617398520428817,140.0,INFL,0.010406264814670274,0.07373016719560033,0.07373016719560033,10,24.0,0.004013410795037808,8.77507032219782e-05,0.021864371155445487,1,1,R24_72,0,24.0
the_flooding_across_eastern_bangladesh,bangladesh_fld,flood,INFL,16.0,preferred_snap,0.08444372699984103,0.0617398520428817,150.0,INFL,0.02201708369690164,0.10708789806908325,0.10708789806908325,10,24.0,0.012538220299116887,0.007259370440744206,0.5789793341927092,1,1,R24_72,0,24.0
the_flooding_across_eastern_bangladesh,bangladesh_fld,flood,INFL,16.0,preferred_snap,0.08444372699984103,0.0617398520428817,160.0,INFL,0.027647776748461556,0.09145833092081324,0.09145833092081324,10,24.0,0.030274711753015993,0.02528044524152362,0.8350350433643735,1,1,R24_72,0,24.0
the_flooding_across_eastern_bangladesh,bangladesh_fld,flood,INFL,16.0,preferred_snap,0.08444372699984103,0.0617398520428817,170.0,INFL,0.016868696840213054,0.0808559803650224,0.0808559803650224,10,24.0,0.017308358328889106,0.016938497058156088,0.9786310599939632,1,1,R24_72,0,24.0
the_flooding_across_eastern_bangladesh,bangladesh_fld,flood,INFL,16.0,preferred_snap,0.08444372699984103,0.0617398520428817,180.0,INFL,0.028690695198543864,0.10223036055606194,0.10223036055606194,10,24.0,0.0257654913903389,0.028133701108548737,1.0919140132952336,1,1,R24_72,0,24.0
the_flooding_across_eastern_bangladesh,bangladesh_fld,flood,INFL,16.0,preferred_snap,0.08444372699984103,0.0617398520428817,190.0,INFL,0.058298450054752315,0.09382825995202793,0.09382825995202793,10,24.0,0.04193200310417611,0.0602103552495854,1.4359045786579394,1,1,R24_72,0,24.0
the_flooding_across_eastern_bangladesh,bangladesh_fld,flood,INFL,16.0,preferred_snap,0.08444372699984103,0.0617398520428817,200.0,INFL,0.053054442342465175,0.06710619901777215,0.06710619901777215,10,48.0,0.03911007736471683,0.0512841636403325,1.3112774787451207,1,1,R24_72,0,24.0
the_flooding_across_gujarat_india,gujarat_fld,flood,EVAC,16.0,preferred_snap,0.12486911695932487,-0.0781600835658264,0.0,EVAC,-0.08837341276217472,-0.030303212851115036,0.030303212851115036,6,120.0,0.07219269132225137,0.15889372372633725,2.200966895901867,1,1,R24_72,0,24.0
the_flooding_across_gujarat_india,gujarat_fld,flood,EVAC,16.0,preferred_snap,0.12486911695932487,-0.0781600835658264,10.0,EVAC,-0.05191504323791976,-0.07281618251593602,0.07281618251593602,6,24.0,0.00649220787549476,0.06426954941129637,9.899490380442955,1,1,R24_72,0,24.0
the_flooding_across_gujarat_india,gujarat_fld,flood,EVAC,16.0,preferred_snap,0.12486911695932487,-0.0781600835658264,20.0,EVAC,-0.06418791101550174,-0.11324895631369647,0.11324895631369647,6,96.0,0.11826549132731534,0.06650020442064519,0.5622959298972268,1,1,R24_72,0,24.0
the_flooding_across_gujarat_india,gujarat_fld,flood,EVAC,16.0,preferred_snap,0.12486911695932487,-0.0781600835658264,30.0,EVAC,-0.04471827010105954,-0.039335890949783625,0.039335890949783625,6,24.0,0.01345767023590061,0.04273327764866597,3.175384513039094,1,1,R24_72,0,24.0
the_flooding_across_gujarat_india,gujarat_fld,flood,EVAC,16.0,preferred_snap,0.12486911695932487,-0.0781600835658264,40.0,EVAC,-0.11390738101857482,-0.1605366608255835,0.1605366608255835,6,48.0,0.1376588960314763,0.0754620829138346,0.5481816656191975,1,1,R24_72,0,24.0
the_flooding_across_gujarat_india,gujarat_fld,flood,EVAC,16.0,preferred_snap,0.12486911695932487,-0.0781600835658264,50.0,EVAC,-0.10585848325972798,-0.11941563504394404,0.11941563504394404,6,,0.11913340633312886,0.1184307079519279,0.994101584074277,0,1,R24_72,0,24.0
the_flooding_across_gujarat_india,gujarat_fld,flood,EVAC,16.0,preferred_snap,0.12486911695932487,-0.0781600835658264,60.0,EVAC,-0.10517000215684098,-0.12871111002592484,0.12871111002592484,6,,0.118044215403592,0.1211958587014017,1.0266988372707146,0,1,R24_72,0,24.0
the_flooding_across_gujarat_india,gujarat_fld,flood,EVAC,16.0,preferred_snap,0.12486911695932487,-0.0781600835658264,70.0,EVAC,-0.09467947836091736,-0.12510114320294807,0.12510114320294807,6,,0.10084191092079753,0.08284684610381765,0.8215517273258197,0,1,R24_72,0,24.0
the_flooding_across_gujarat_india,gujarat_fld,flood,EVAC,16.0,preferred_snap,0.12486911695932487,-0.0781600835658264,80.0,EVAC,-0.09554005647243823,-0.14546626906031535,0.14546626906031535,6,144.0,0.10548007222782452,0.09230869212686599,0.8751292085531578,1,1,R24_72,0,24.0
the_flooding_across_gujarat_india,gujarat_fld,flood,EVAC,16.0,preferred_snap,0.12486911695932487,-0.0781600835658264,90.0,EVAC,-0.09595869927820434,-0.12540446196965038,0.12540446196965038,6,144.0,0.12122340552021349,0.11370437863786631,0.9379738025830877,1,1,R24_72,0,24.0
the_flooding_across_gujarat_india,gujarat_fld,flood,EVAC,16.0,preferred_snap,0.12486911695932487,-0.0781600835658264,100.0,EVAC,-0.12370497882798497,-0.14974593417280535,0.14974593417280535,6,,0.13437370584931707,0.12230387543617283,0.9101771411537982,0,1,R24_72,0,24.0
the_flooding_across_gujarat_india,gujarat_fld,flood,EVAC,16.0,preferred_snap,0.12486911695932487,-0.0781600835658264,110.0,EVAC,-0.14939147915295847,-0.17198810192092084,0.17198810192092084,6,,0.1600714821680972,0.15143686153639857,0.9460577204962026,0,1,R24_72,0,24.0
the_flooding_across_gujarat_india,gujarat_fld,flood,EVAC,16.0,preferred_snap,0.12486911695932487,-0.0781600835658264,120.0,EVAC,-0.1005123794331087,-0.12939879758128325,0.12939879758128325,6,,0.1060938392810673,0.09987978170415368,0.9414286671212724,0,1,R24_72,0,24.0
the_flooding_across_gujarat_india,gujarat_fld,flood,EVAC,16.0,preferred_snap,0.12486911695932487,-0.0781600835658264,130.0,EVAC,-0.08536269124455667,-0.09225094717311721,0.09225094717311721,6,,0.08819077888620197,0.09689552153765124,1.0987035465769222,0,1,R24_72,0,24.0
the_flooding_across_gujarat_india,gujarat_fld,flood,EVAC,16.0,preferred_snap,0.12486911695932487,-0.0781600835658264,140.0,EVAC,-0.07942916601895682,-0.08715821032114923,0.08715821032114923,6,,0.08647518279071165,0.0885941216899716,1.0245034335965295,0,1,R24_72,0,24.0
the_flooding_across_gujarat_india,gujarat_fld,flood,EVAC,16.0,preferred_snap,0.12486911695932487,-0.0781600835658264,150.0,EVAC,-0.12479635416669263,-0.16606497739157866,0.16606497739157866,6,,0.13664814070833275,0.13442662721372078,0.9837428194551607,0,1,R24_72,0,24.0
the_flooding_across_gujarat_india,gujarat_fld,flood,EVAC,16.0,preferred_snap,0.12486911695932487,-0.0781600835658264,160.0,EVAC,-0.10904093400950099,-0.163279396677399,0.163279396677399,6,120.0,0.11779542086411365,0.1143379759835651,0.970648732733533,1,1,R24_72,0,24.0
the_flooding_across_gujarat_india,gujarat_fld,flood,EVAC,16.0,preferred_snap,0.12486911695932487,-0.0781600835658264,170.0,EVAC,-0.11162480756410924,-0.16067713885020407,0.16067713885020407,6,,0.11998650519027021,0.12067742406793314,1.0057583048740963,0,1,R24_72,0,24.0
the_flooding_across_gujarat_india,gujarat_fld,flood,EVAC,16.0,preferred_snap,0.12486911695932487,-0.0781600835658264,180.0,EVAC,-0.11689169497356915,-0.16030619909616606,0.16030619909616606,6,,0.13650327547144914,0.1279782228514551,0.9375469006838805,0,1,R24_72,0,24.0
the_flooding_across_gujarat_india,gujarat_fld,flood,EVAC,16.0,preferred_snap,0.12486911695932487,-0.0781600835658264,190.0,EVAC,-0.12689849964289612,-0.17135001393623883,0.17135001393623883,6,,0.14617127277048092,0.12742888049911938,0.8717778677292427,0,1,R24_72,0,24.0
the_flooding_across_gujarat_india,gujarat_fld,flood,EVAC,16.0,preferred_snap,0.12486911695932487,-0.0781600835658264,200.0,EVAC,-0.09348150370293297,-0.10969221626606274,0.10969221626606274,6,,0.10282185254782483,0.0979786073173764,0.9528967324509571,0,1,R24_72,0,24.0
turkiye_earthquake_2023,turkiye,earthquake,INFL,16.0,preferred_snap,0.40114008822652447,0.0566336948172924,0.0,EVAC,-0.23161899689632245,-0.0325178630472196,0.0325178630472196,33,,,0.3134998556162697,,0,0,,0,24.0
turkiye_earthquake_2023,turkiye,earthquake,INFL,16.0,preferred_snap,0.40114008822652447,0.0566336948172924,10.0,INFL,0.5462649360517441,0.8214659422482593,0.8214659422482593,34,240.0,0.541461477917643,0.6439302907182709,1.1892448807156204,1,1,R24_72,0,24.0
turkiye_earthquake_2023,turkiye,earthquake,INFL,16.0,preferred_snap,0.40114008822652447,0.0566336948172924,20.0,NEUTRAL,-0.0009021693715602432,-0.25401045275505163,0.25401045275505163,34,216.0,0.21118488678259884,0.18703644863396673,0.8856526216599422,1,1,R24_72,0,24.0
turkiye_earthquake_2023,turkiye,earthquake,INFL,16.0,preferred_snap,0.40114008822652447,0.0566336948172924,30.0,INFL,0.05800356151812714,-0.30469884657080093,0.30469884657080093,34,144.0,0.25331264932523,0.20591320063085516,0.8128816353204756,1,1,R24_72,0,24.0
turkiye_earthquake_2023,turkiye,earthquake,INFL,16.0,preferred_snap,0.40114008822652447,0.0566336948172924,40.0,EVAC,-0.2750652122571422,-0.7297403911965337,0.7297403911965337,34,96.0,0.5914074304466355,0.3699477683283007,0.6255379105550183,1,1,R24_72,0,24.0
turkiye_earthquake_2023,turkiye,earthquake,INFL,16.0,preferred_snap,0.40114008822652447,0.0566336948172924,50.0,INFL,0.23583956096668,-0.09803243452264843,0.09803243452264843,34,24.0,0.03735525861036315,0.142326353952549,3.8100754551613414,1,1,R24_72,0,24.0
turkiye_earthquake_2023,turkiye,earthquake,INFL,16.0,preferred_snap,0.40114008822652447,0.0566336948172924,60.0,INFL,0.210475271247057,-0.41100527612700777,0.41100527612700777,34,24.0,0.0746403129587404,0.1556876017945723,2.0858380092890707,1,1,R24_72,0,24.0
turkiye_earthquake_2023,turkiye,earthquake,INFL,16.0,preferred_snap,0.40114008822652447,0.0566336948172924,70.0,INFL,0.07847960362086501,-0.409141386436247,0.409141386436247,34,48.0,0.2660274531540364,0.031230604978453202,0.11739617324520983,1,1,R24_72,0,24.0
turkiye_earthquake_2023,turkiye,earthquake,INFL,16.0,preferred_snap,0.40114008822652447,0.0566336948172924,80.0,INFL,0.1053545720181898,-0.26368489678848905,0.26368489678848905,34,48.0,0.15942249912024364,0.04907824116144632,0.30785015560714113,1,1,R24_72,0,24.0
turkiye_earthquake_2023,turkiye,earthquake,INFL,16.0,preferred_snap,0.40114008822652447,0.0566336948172924,90.0,EVAC,-0.2565036309979247,-0.667285880097077,0.667285880097077,34,96.0,0.5327800990593721,0.375943559884224,0.7056261308332569,1,1,R24_72,0,24.0
turkiye_earthquake_2023,turkiye,earthquake,INFL,16.0,preferred_snap,0.40114008822652447,0.0566336948172924,100.0,INFL,0.030960054022042587,-0.44228353052978664,0.44228353052978664,34,48.0,0.27343338806500217,0.014997852615433516,0.05485011439739809,1,1,R24_72,0,24.0
turkiye_earthquake_2023,turkiye,earthquake,INFL,16.0,preferred_snap,0.40114008822652447,0.0566336948172924,110.0,INFL,0.022783812775525186,-0.4908282668675896,0.4908282668675896,34,48.0,0.3774761276512828,0.010241925869592494,0.027132645270362937,1,1,R24_72,0,24.0
turkiye_earthquake_2023,turkiye,earthquake,INFL,16.0,preferred_snap,0.40114008822652447,0.0566336948172924,120.0,EVAC,-0.15380147156301321,-0.6648358526160452,0.6648358526160452,34,72.0,0.5572909146890477,0.2871140875241549,0.5151960671821759,1,1,R24_72,0,24.0
turkiye_earthquake_2023,turkiye,earthquake,INFL,16.0,preferred_snap,0.40114008822652447,0.0566336948172924,130.0,EVAC,-0.5899753486593118,-0.8553196488139965,0.8553196488139965,34,,0.8086732497369598,0.6686559665830697,0.8268555523514176,0,1,R24_72,0,24.0
turkiye_earthquake_2023,turkiye,earthquake,INFL,16.0,preferred_snap,0.40114008822652447,0.0566336948172924,140.0,INFL,0.2877711719168515,0.105146491500832,0.105146491500832,34,,0.13579334087913741,0.20339054297428794,1.4977946757736469,0,1,R24_72,0,24.0
turkiye_earthquake_2023,turkiye,earthquake,INFL,16.0,preferred_snap,0.40114008822652447,0.0566336948172924,150.0,INFL,0.07035841558562403,-0.19001723711267526,0.19001723711267526,34,48.0,0.15035657355768517,0.07926077745373561,0.5271520597889041,1,1,R24_72,0,24.0
turkiye_earthquake_2023,turkiye,earthquake,INFL,16.0,preferred_snap,0.40114008822652447,0.0566336948172924,160.0,EVAC,-0.12211458423621893,-0.24167311739138997,0.24167311739138997,34,48.0,0.17458716410828146,0.11133613804338782,0.6377109028149146,1,1,R24_72,0,24.0
turkiye_earthquake_2023,turkiye,earthquake,INFL,16.0,preferred_snap,0.40114008822652447,0.0566336948172924,170.0,EVAC,-0.27187717343163376,-0.38820718028692724,0.38820718028692724,34,,0.31144669482555976,0.23754770585750373,0.7627234766146849,0,1,R24_72,0,24.0
turkiye_earthquake_2023,turkiye,earthquake,INFL,16.0,preferred_snap,0.40114008822652447,0.0566336948172924,180.0,INFL,0.3944026057127961,0.29624799045345473,0.29624799045345473,34,,0.36350380697315177,0.39233678851302356,1.079319613678768,0,1,R24_72,0,24.0
turkiye_earthquake_2023,turkiye,earthquake,INFL,16.0,preferred_snap,0.40114008822652447,0.0566336948172924,190.0,INFL,0.2568535657612072,0.05827094363688712,0.05827094363688712,34,,0.1127028151484617,0.2079113846351286,1.8447754331713018,0,1,R24_72,0,24.0
turkiye_earthquake_2023,turkiye,earthquake,INFL,16.0,preferred_snap,0.40114008822652447,0.0566336948172924,200.0,INFL,0.38669861815534484,0.330905998578791,0.330905998578791,34,,0.32474820546680006,0.32025311757714103,0.9861582363998049,0,1,R24_72,0,24.0
typhoon_yagi_across_northeastern_vietnam,yagi_vn,typhoon,EVAC,-8.0,preferred_snap,0.25648113051572646,-0.2739356164808162,0.0,EVAC,-0.28514661861329554,-0.38419242647184415,0.38419242647184415,10,24.0,0.18610081075474694,0.030288551167964806,0.16275346165944754,1,1,R24_72,0,24.0
typhoon_yagi_across_northeastern_vietnam,yagi_vn,typhoon,EVAC,-8.0,preferred_snap,0.25648113051572646,-0.2739356164808162,10.0,EVAC,-0.594807212050761,-0.7422702991346445,0.7422702991346445,10,48.0,0.4473441249668776,0.18999760028925605,0.42472358456327985,1,1,R24_72,0,24.0
typhoon_yagi_across_northeastern_vietnam,yagi_vn,typhoon,EVAC,-8.0,preferred_snap,0.25648113051572646,-0.2739356164808162,20.0,EVAC,-0.485756116022409,-0.6115407193057518,0.6115407193057518,10,48.0,0.35997151273906614,0.18536670344109418,0.5149482580735816,1,1,R24_72,0,24.0
typhoon_yagi_across_northeastern_vietnam,yagi_vn,typhoon,EVAC,-8.0,preferred_snap,0.25648113051572646,-0.2739356164808162,30.0,EVAC,-0.24269250841006007,-0.32979504565526574,0.32979504565526574,10,24.0,0.1555899711648544,0.07160847020612238,0.4602383410062469,1,1,R24_72,0,24.0
typhoon_yagi_across_northeastern_vietnam,yagi_vn,typhoon,EVAC,-8.0,preferred_snap,0.25648113051572646,-0.2739356164808162,40.0,EVAC,-0.09548114039861039,-0.13227424378304053,0.13227424378304053,10,24.0,0.05868803701418024,0.03281826505485519,0.5591985475153245,1,1,R24_72,0,24.0
typhoon_yagi_across_northeastern_vietnam,yagi_vn,typhoon,EVAC,-8.0,preferred_snap,0.25648113051572646,-0.2739356164808162,50.0,INFL,0.06026989661023874,0.04748558754126164,0.04748558754126164,10,,0.07305420567921583,0.04384866689644795,0.6002209795968398,0,1,R24_72,0,24.0
typhoon_yagi_across_northeastern_vietnam,yagi_vn,typhoon,EVAC,-8.0,preferred_snap,0.25648113051572646,-0.2739356164808162,60.0,INFL,0.0321674943943836,0.013786090101632897,0.013786090101632897,10,,0.0505488986871343,0.03979314493574759,0.7872208093403178,0,1,R24_72,0,24.0
typhoon_yagi_across_northeastern_vietnam,yagi_vn,typhoon,EVAC,-8.0,preferred_snap,0.25648113051572646,-0.2739356164808162,70.0,EVAC,-0.10331064874773682,-0.1096412637495573,0.1096412637495573,10,72.0,0.09698003374591635,0.050436924266181626,0.5200753425011613,1,1,R24_72,0,24.0
typhoon_yagi_across_northeastern_vietnam,yagi_vn,typhoon,EVAC,-8.0,preferred_snap,0.25648113051572646,-0.2739356164808162,80.0,EVAC,-0.044380211888291,-0.053730291705482824,0.053730291705482824,10,48.0,0.035030132071099174,0.012852008455481179,0.3668843848317786,1,1,R24_72,0,24.0
typhoon_yagi_across_northeastern_vietnam,yagi_vn,typhoon,EVAC,-8.0,preferred_snap,0.25648113051572646,-0.2739356164808162,90.0,EVAC,-0.12942830361847102,-0.1488546772668805,0.1488546772668805,10,72.0,0.11000192997006153,0.041213399532270434,0.3746606949849626,1,1,R24_72,0,24.0
typhoon_yagi_across_northeastern_vietnam,yagi_vn,typhoon,EVAC,-8.0,preferred_snap,0.25648113051572646,-0.2739356164808162,100.0,EVAC,-0.2525155524821409,-0.24310491791102928,0.24310491791102928,10,120.0,0.26192618705325255,0.16270022328497902,0.6211682196247916,1,1,R24_72,0,24.0
typhoon_yagi_across_northeastern_vietnam,yagi_vn,typhoon,EVAC,-8.0,preferred_snap,0.25648113051572646,-0.2739356164808162,110.0,EVAC,-0.1306480572220095,-0.13244362785700425,0.13244362785700425,10,72.0,0.12885248658701476,0.062555902448032,0.48548463522112684,1,1,R24_72,0,24.0
typhoon_yagi_across_northeastern_vietnam,yagi_vn,typhoon,EVAC,-8.0,preferred_snap,0.25648113051572646,-0.2739356164808162,120.0,EVAC,-0.17744519035057077,-0.17853826255913852,0.17853826255913852,10,,0.17635211814200302,0.15939382669152113,0.9038384589357376,0,1,R24_72,0,24.0
typhoon_yagi_across_northeastern_vietnam,yagi_vn,typhoon,EVAC,-8.0,preferred_snap,0.25648113051572646,-0.2739356164808162,130.0,EVAC,-0.22499721824560276,-0.22498630231740957,0.22498630231740957,10,72.0,0.22500813417379595,0.08356100455116156,0.37136881676739364,1,1,R24_72,0,24.0
typhoon_yagi_across_northeastern_vietnam,yagi_vn,typhoon,EVAC,-8.0,preferred_snap,0.25648113051572646,-0.2739356164808162,140.0,EVAC,-0.4671009231835367,-0.4594709274420702,0.4594709274420702,10,48.0,0.4747309189250032,0.07074069444384024,0.14901219116721504,1,1,R24_72,0,24.0
typhoon_yagi_across_northeastern_vietnam,yagi_vn,typhoon,EVAC,-8.0,preferred_snap,0.25648113051572646,-0.2739356164808162,150.0,EVAC,-0.2922199433303707,-0.29158340544961003,0.29158340544961003,10,48.0,0.2928564812111314,0.07307356690850475,0.24952006049619654,1,1,R24_72,0,24.0
wildfires_in_boise_county_idaho_27_august_2024,boise_fire,wildfire,INFL,136.0,preferred_snap,0.13709144407795817,0.0403005631767364,0.0,EVAC,-0.03945030449937187,-0.11499327009787474,0.11499327009787474,8,,0.078595725760221,0.09494187683596489,1.2079776084212588,0,1,R24_72,0,24.0
wildfires_in_boise_county_idaho_27_august_2024,boise_fire,wildfire,INFL,136.0,preferred_snap,0.13709144407795817,0.0403005631767364,10.0,EVAC,-0.02992573549756411,-0.09639153064196282,0.09639153064196282,8,,0.0669546327871211,0.08805046826667073,1.3150765615670357,0,1,R24_72,0,24.0
wildfires_in_boise_county_idaho_27_august_2024,boise_fire,wildfire,INFL,136.0,preferred_snap,0.13709144407795817,0.0403005631767364,20.0,INFL,0.04232527285470489,0.05400677911280649,0.05400677911280649,8,,0.052293457091391105,0.06236647682087093,1.1926248576734109,0,1,R24_72,0,24.0
wildfires_in_boise_county_idaho_27_august_2024,boise_fire,wildfire,INFL,136.0,preferred_snap,0.13709144407795817,0.0403005631767364,30.0,INFL,0.08676657801781296,0.13738677955590317,0.13738677955590317,8,48.0,0.07095574573001584,0.05232636398379675,0.7374506947315692,1,1,R24_72,0,24.0
wildfires_in_boise_county_idaho_27_august_2024,boise_fire,wildfire,INFL,136.0,preferred_snap,0.13709144407795817,0.0403005631767364,40.0,INFL,0.10490193083051447,0.17753089784810805,0.17753089784810805,8,24.0,0.059118816351541925,0.04889129051633834,0.8270004971955628,1,1,R24_72,0,24.0
wildfires_in_boise_county_idaho_27_august_2024,boise_fire,wildfire,INFL,136.0,preferred_snap,0.13709144407795817,0.0403005631767364,50.0,INFL,0.07718563735432249,0.1344843934808273,0.1344843934808273,8,24.0,0.061544339909633816,0.04447613465777689,0.7226681563744392,1,1,R24_72,0,24.0
wildfires_in_boise_county_idaho_27_august_2024,boise_fire,wildfire,INFL,136.0,preferred_snap,0.13709144407795817,0.0403005631767364,60.0,INFL,0.11895136404673112,0.16251808781533583,0.16251808781533583,8,24.0,0.054438708649103384,0.04404073844198275,0.808996751297996,1,1,R24_72,0,24.0
wildfires_in_boise_county_idaho_27_august_2024,boise_fire,wildfire,INFL,136.0,preferred_snap,0.13709144407795817,0.0403005631767364,70.0,INFL,0.12069576928353509,0.22443162749191514,0.22443162749191514,8,24.0,0.08179853949447491,0.09126852548783737,1.1157720669817353,1,1,R24_72,0,24.0
wildfires_in_boise_county_idaho_27_august_2024,boise_fire,wildfire,INFL,136.0,preferred_snap,0.13709144407795817,0.0403005631767364,80.0,INFL,0.03493174173122948,0.041216377898175116,0.041216377898175116,8,,0.055672811164622305,0.046255426715866355,0.8308441005267524,0,1,R24_72,0,24.0
wildfires_in_boise_county_idaho_27_august_2024,boise_fire,wildfire,INFL,136.0,preferred_snap,0.13709144407795817,0.0403005631767364,90.0,INFL,0.08080838066751272,0.14327120758942002,0.14327120758942002,8,24.0,0.04740718318440651,0.04053772533512512,0.8550966881419578,1,1,R24_72,0,24.0
wildfires_in_boise_county_idaho_27_august_2024,boise_fire,wildfire,INFL,136.0,preferred_snap,0.13709144407795817,0.0403005631767364,100.0,INFL,0.06973720772815895,0.0933449359494718,0.0933449359494718,8,24.0,0.02805039917088914,0.027197909927069386,0.96960865909158,1,1,R24_72,0,24.0
wildfires_in_boise_county_idaho_27_august_2024,boise_fire,wildfire,INFL,136.0,preferred_snap,0.13709144407795817,0.0403005631767364,110.0,EVAC,-0.06874509022872738,0.05034569183003912,0.05034569183003912,8,,0.11822591792861115,0.13762393077848345,1.1640758066398391,0,1,R24_72,0,24.0
wildfires_in_boise_county_idaho_27_august_2024,boise_fire,wildfire,INFL,136.0,preferred_snap,0.13709144407795817,0.0403005631767364,120.0,INFL,0.23819637105028502,0.33136608333351236,0.33136608333351236,8,24.0,0.009529228596367512,0.009013793046331764,0.945910044572524,1,1,R24_72,0,24.0
wildfires_in_boise_county_idaho_27_august_2024,boise_fire,wildfire,INFL,136.0,preferred_snap,0.13709144407795817,0.0403005631767364,130.0,INFL,0.04456465175172403,-0.06869208239686475,0.06869208239686475,8,24.0,0.02787840408656761,0.01366197971994021,0.49005601889969136,1,1,R24_72,0,24.0
wildfires_in_boise_county_idaho_27_august_2024,boise_fire,wildfire,INFL,136.0,preferred_snap,0.13709144407795817,0.0403005631767364,140.0,INFL,0.14809897353894674,0.1700005099431401,0.1700005099431401,8,24.0,0.04937941490128939,0.0025883541420107514,0.052417675405529454,1,1,R24_72,0,24.0
wildfires_in_boise_county_idaho_27_august_2024,boise_fire,wildfire,INFL,136.0,preferred_snap,0.13709144407795817,0.0403005631767364,150.0,INFL,0.14325822663991572,0.1527841441227895,0.1527841441227895,8,24.0,0.02598906484051766,0.007129178949373038,0.2743145624177463,1,1,R24_72,0,24.0
wildfires_in_boise_county_idaho_27_august_2024,boise_fire,wildfire,INFL,136.0,preferred_snap,0.13709144407795817,0.0403005631767364,160.0,INFL,0.1117281578083229,0.1210276905182619,0.1210276905182619,8,48.0,0.06146118459571204,0.05856480396278485,0.9528746370253127,1,1,R24_72,0,24.0
wildfires_in_boise_county_idaho_27_august_2024,boise_fire,wildfire,INFL,136.0,preferred_snap,0.13709144407795817,0.0403005631767364,170.0,INFL,0.01842537078350459,-0.0024188801115292424,0.0024188801115292424,8,,0.06493055964779781,0.05949423461163561,0.9162747854685004,0,1,R24_72,0,24.0
wildfires_in_boise_county_idaho_27_august_2024,boise_fire,wildfire,INFL,136.0,preferred_snap,0.13709144407795817,0.0403005631767364,180.0,INFL,0.09069794985875179,0.1523585106023706,0.1523585106023706,8,48.0,0.08236872713303289,0.03486532456406399,0.4232835176359271,1,1,R24_72,0,24.0
wildfires_in_boise_county_idaho_27_august_2024,boise_fire,wildfire,INFL,136.0,preferred_snap,0.13709144407795817,0.0403005631767364,190.0,INFL,0.04359661134297421,0.0697948920375977,0.0697948920375977,8,72.0,0.05277948190634296,0.00829151815118423,0.15709737670213406,1,1,R24_72,0,24.0
wildfires_in_boise_county_idaho_27_august_2024,boise_fire,wildfire,INFL,136.0,preferred_snap,0.13709144407795817,0.0403005631767364,200.0,INFL,0.2890146852544083,0.3805559532592169,0.3805559532592169,8,24.0,0.03584168346174166,0.014223579305017386,0.3968446214363788,1,1,R24_72,0,24.0
