slug,name,event_type,hours_since_quake,g1,abs_g1,sigma1_energy,r_max_km,mode_used
hurricane_beryl_across_quintana_roo_and_yucatan_mexico,"Hurricane Beryl Across Quintana Roo and Yucatan, Mexico",hurricane,0.0,-0.6474585958645894,0.6474585958645894,0.6077947886654543,200.0,fill_missing
hurricane_beryl_across_quintana_roo_and_yucatan_mexico,"Hurricane Beryl Across Quintana Roo and Yucatan, Mexico",hurricane,24.0,-0.19697013409073916,0.19697013409073916,0.6077947886654543,200.0,fill_missing
hurricane_beryl_across_quintana_roo_and_yucatan_mexico,"Hurricane Beryl Across Quintana Roo and Yucatan, Mexico",hurricane,48.0,-0.14608021664875634,0.14608021664875634,0.6077947886654543,200.0,fill_missing
hurricane_beryl_across_quintana_roo_and_yucatan_mexico,"Hurricane Beryl Across Quintana Roo and Yucatan, Mexico",hurricane,72.0,-0.14480896993986145,0.14480896993986145,0.6077947886654543,200.0,fill_missing
hurricane_beryl_across_quintana_roo_and_yucatan_mexico,"Hurricane Beryl Across Quintana Roo and Yucatan, Mexico",hurricane,96.0,-0.021796754738818407,0.021796754738818407,0.6077947886654543,200.0,fill_missing
hurricane_beryl_across_quintana_roo_and_yucatan_mexico,"Hurricane Beryl Across Quintana Roo and Yucatan, Mexico",hurricane,120.0,-0.091682095468158,0.091682095468158,0.6077947886654543,200.0,fill_missing
hurricane_beryl_across_quintana_roo_and_yucatan_mexico,"Hurricane Beryl Across Quintana Roo and Yucatan, Mexico",hurricane,144.0,-0.02484618365566341,0.02484618365566341,0.6077947886654543,200.0,fill_missing
hurricane_beryl_across_quintana_roo_and_yucatan_mexico,"Hurricane Beryl Across Quintana Roo and Yucatan, Mexico",hurricane,168.0,-0.09487114817349714,0.09487114817349714,0.6077947886654543,200.0,fill_missing
hurricane_beryl_across_quintana_roo_and_yucatan_mexico,"Hurricane Beryl Across Quintana Roo and Yucatan, Mexico",hurricane,192.0,-0.06508755323532722,0.06508755323532722,0.6077947886654543,200.0,fill_missing
hurricane_beryl_across_quintana_roo_and_yucatan_mexico,"Hurricane Beryl Across Quintana Roo and Yucatan, Mexico",hurricane,216.0,-0.05036827225078333,0.05036827225078333,0.6077947886654543,200.0,fill_missing
hurricane_beryl_across_quintana_roo_and_yucatan_mexico,"Hurricane Beryl Across Quintana Roo and Yucatan, Mexico",hurricane,240.0,-0.12328006379413675,0.12328006379413675,0.6077947886654543,200.0,fill_missing
hurricane_beryl_across_quintana_roo_and_yucatan_mexico,"Hurricane Beryl Across Quintana Roo and Yucatan, Mexico",hurricane,264.0,0.017485034060162066,0.017485034060162066,0.6077947886654543,200.0,fill_missing
hurricane_beryl_across_quintana_roo_and_yucatan_mexico,"Hurricane Beryl Across Quintana Roo and Yucatan, Mexico",hurricane,288.0,0.014227063142272912,0.014227063142272912,0.6077947886654543,200.0,fill_missing
hurricane_beryl_across_quintana_roo_and_yucatan_mexico,"Hurricane Beryl Across Quintana Roo and Yucatan, Mexico",hurricane,312.0,-0.04517872276207003,0.04517872276207003,0.6077947886654543,200.0,fill_missing
hurricane_beryl_across_southeastern_texas_us,"Hurricane Beryl Across Southeastern Texas, US",hurricane,0.0,-0.6721187820760469,0.6721187820760469,0.8725584560521701,200.0,fill_missing
hurricane_beryl_across_southeastern_texas_us,"Hurricane Beryl Across Southeastern Texas, US",hurricane,24.0,-0.4166173499823519,0.4166173499823519,0.8725584560521701,200.0,fill_missing
hurricane_beryl_across_southeastern_texas_us,"Hurricane Beryl Across Southeastern Texas, US",hurricane,48.0,-0.28160201727019885,0.28160201727019885,0.8725584560521701,200.0,fill_missing
hurricane_beryl_across_southeastern_texas_us,"Hurricane Beryl Across Southeastern Texas, US",hurricane,72.0,-0.21245353979764947,0.21245353979764947,0.8725584560521701,200.0,fill_missing
hurricane_beryl_across_southeastern_texas_us,"Hurricane Beryl Across Southeastern Texas, US",hurricane,96.0,-0.16988578027727147,0.16988578027727147,0.8725584560521701,200.0,fill_missing
hurricane_beryl_across_southeastern_texas_us,"Hurricane Beryl Across Southeastern Texas, US",hurricane,120.0,-0.1288046196214872,0.1288046196214872,0.8725584560521701,200.0,fill_missing
hurricane_beryl_across_southeastern_texas_us,"Hurricane Beryl Across Southeastern Texas, US",hurricane,144.0,-0.1328806662273397,0.1328806662273397,0.8725584560521701,200.0,fill_missing
hurricane_beryl_across_southeastern_texas_us,"Hurricane Beryl Across Southeastern Texas, US",hurricane,168.0,-0.11702834732902084,0.11702834732902084,0.8725584560521701,200.0,fill_missing
hurricane_beryl_across_southeastern_texas_us,"Hurricane Beryl Across Southeastern Texas, US",hurricane,192.0,-0.11170598049951015,0.11170598049951015,0.8725584560521701,200.0,fill_missing
hurricane_beryl_across_southeastern_texas_us,"Hurricane Beryl Across Southeastern Texas, US",hurricane,216.0,-0.08010206838175046,0.08010206838175046,0.8725584560521701,200.0,fill_missing
hurricane_beryl_across_southeastern_texas_us,"Hurricane Beryl Across Southeastern Texas, US",hurricane,240.0,-0.06889129337796555,0.06889129337796555,0.8725584560521701,200.0,fill_missing
hurricane_beryl_across_southeastern_texas_us,"Hurricane Beryl Across Southeastern Texas, US",hurricane,264.0,-0.07894288942968605,0.07894288942968605,0.8725584560521701,200.0,fill_missing
hurricane_beryl_across_southeastern_texas_us,"Hurricane Beryl Across Southeastern Texas, US",hurricane,288.0,-0.07866692584566326,0.07866692584566326,0.8725584560521701,200.0,fill_missing
hurricane_beryl_across_southeastern_texas_us,"Hurricane Beryl Across Southeastern Texas, US",hurricane,312.0,-0.09655407673555916,0.09655407673555916,0.8725584560521701,200.0,fill_missing
hurricane_beryl_across_southeastern_texas_us,"Hurricane Beryl Across Southeastern Texas, US",hurricane,336.0,-0.05597947222676819,0.05597947222676819,0.8725584560521701,200.0,fill_missing
hurricane_beryl_pre_landfall_2024,Hurricane Beryl Pre Landfall Disaster Maps June 30 2024,hurricane,0.0,-1.0655948070776613,1.0655948070776613,0.7476820816837334,200.0,fill_missing
hurricane_beryl_pre_landfall_2024,Hurricane Beryl Pre Landfall Disaster Maps June 30 2024,hurricane,24.0,-1.6154104516984786,1.6154104516984786,0.7476820816837334,200.0,fill_missing
hurricane_beryl_pre_landfall_2024,Hurricane Beryl Pre Landfall Disaster Maps June 30 2024,hurricane,48.0,-1.0577335791836102,1.0577335791836102,0.7476820816837334,200.0,fill_missing
hurricane_beryl_pre_landfall_2024,Hurricane Beryl Pre Landfall Disaster Maps June 30 2024,hurricane,72.0,-1.3687966606793756,1.3687966606793756,0.7476820816837334,200.0,fill_missing
hurricane_beryl_pre_landfall_2024,Hurricane Beryl Pre Landfall Disaster Maps June 30 2024,hurricane,96.0,-1.179382841634625,1.179382841634625,0.7476820816837334,200.0,fill_missing
hurricane_beryl_pre_landfall_2024,Hurricane Beryl Pre Landfall Disaster Maps June 30 2024,hurricane,120.0,-0.9618386064688746,0.9618386064688746,0.7476820816837334,200.0,fill_missing
hurricane_beryl_pre_landfall_2024,Hurricane Beryl Pre Landfall Disaster Maps June 30 2024,hurricane,144.0,-0.9445043905955713,0.9445043905955713,0.7476820816837334,200.0,fill_missing
hurricane_beryl_pre_landfall_2024,Hurricane Beryl Pre Landfall Disaster Maps June 30 2024,hurricane,168.0,-1.0347559468651502,1.0347559468651502,0.7476820816837334,200.0,fill_missing
hurricane_beryl_pre_landfall_2024,Hurricane Beryl Pre Landfall Disaster Maps June 30 2024,hurricane,192.0,-1.0085319704267557,1.0085319704267557,0.7476820816837334,200.0,fill_missing
hurricane_beryl_pre_landfall_2024,Hurricane Beryl Pre Landfall Disaster Maps June 30 2024,hurricane,216.0,-0.9190515808944502,0.9190515808944502,0.7476820816837334,200.0,fill_missing
hurricane_beryl_pre_landfall_2024,Hurricane Beryl Pre Landfall Disaster Maps June 30 2024,hurricane,240.0,-0.7220617754694729,0.7220617754694729,0.7476820816837334,200.0,fill_missing
hurricane_beryl_pre_landfall_2024,Hurricane Beryl Pre Landfall Disaster Maps June 30 2024,hurricane,264.0,-0.6847938071620298,0.6847938071620298,0.7476820816837334,200.0,fill_missing
hurricane_beryl_pre_landfall_2024,Hurricane Beryl Pre Landfall Disaster Maps June 30 2024,hurricane,288.0,-0.6935520093606529,0.6935520093606529,0.7476820816837334,200.0,fill_missing
hurricane_beryl_pre_landfall_2024,Hurricane Beryl Pre Landfall Disaster Maps June 30 2024,hurricane,312.0,-0.6767548119518844,0.6767548119518844,0.7476820816837334,200.0,fill_missing
hurricane_beryl_pre_landfall_2024,Hurricane Beryl Pre Landfall Disaster Maps June 30 2024,hurricane,336.0,-0.7426902341150955,0.7426902341150955,0.7476820816837334,200.0,fill_missing
hurricane_beryl_pre_landfall_2024,Hurricane Beryl Pre Landfall Disaster Maps June 30 2024,hurricane,360.0,-0.6676388096120973,0.6676388096120973,0.7476820816837334,200.0,fill_missing
hurricane_beryl_pre_landfall_2024,Hurricane Beryl Pre Landfall Disaster Maps June 30 2024,hurricane,384.0,-0.7263459673922132,0.7263459673922132,0.7476820816837334,200.0,fill_missing
hurricane_beryl_pre_landfall_2024,Hurricane Beryl Pre Landfall Disaster Maps June 30 2024,hurricane,408.0,-0.6018871011390363,0.6018871011390363,0.7476820816837334,200.0,fill_missing
hurricane_beryl_pre_landfall_2024,Hurricane Beryl Pre Landfall Disaster Maps June 30 2024,hurricane,432.0,-0.6178581340535765,0.6178581340535765,0.7476820816837334,200.0,fill_missing
hurricane_beryl_pre_landfall_2024,Hurricane Beryl Pre Landfall Disaster Maps June 30 2024,hurricane,456.0,-0.5490745345169693,0.5490745345169693,0.7476820816837334,200.0,fill_missing
hurricane_beryl_pre_landfall_2024,Hurricane Beryl Pre Landfall Disaster Maps June 30 2024,hurricane,480.0,-0.5520882623444037,0.5520882623444037,0.7476820816837334,200.0,fill_missing
hurricane_beryl_pre_landfall_2024,Hurricane Beryl Pre Landfall Disaster Maps June 30 2024,hurricane,504.0,-0.6463216617081274,0.6463216617081274,0.7476820816837334,200.0,fill_missing
hurricane_beryl_pre_landfall_2024,Hurricane Beryl Pre Landfall Disaster Maps June 30 2024,hurricane,528.0,-0.651483791082975,0.651483791082975,0.7476820816837334,200.0,fill_missing
hurricane_beryl_pre_landfall_2024,Hurricane Beryl Pre Landfall Disaster Maps June 30 2024,hurricane,552.0,-0.6835286964601062,0.6835286964601062,0.7476820816837334,200.0,fill_missing
hurricane_beryl_pre_landfall_2024,Hurricane Beryl Pre Landfall Disaster Maps June 30 2024,hurricane,576.0,-0.6158796616291946,0.6158796616291946,0.7476820816837334,200.0,fill_missing
hurricane_beryl_pre_landfall_2024,Hurricane Beryl Pre Landfall Disaster Maps June 30 2024,hurricane,600.0,-0.6226478926419815,0.6226478926419815,0.7476820816837334,200.0,fill_missing
hurricane_beryl_pre_landfall_2024,Hurricane Beryl Pre Landfall Disaster Maps June 30 2024,hurricane,624.0,-0.5804502862703191,0.5804502862703191,0.7476820816837334,200.0,fill_missing
hurricane_beryl_pre_landfall_2024,Hurricane Beryl Pre Landfall Disaster Maps June 30 2024,hurricane,648.0,-0.6441339483186016,0.6441339483186016,0.7476820816837334,200.0,fill_missing
hurricane_beryl_pre_landfall_2024,Hurricane Beryl Pre Landfall Disaster Maps June 30 2024,hurricane,672.0,-0.5753511194741574,0.5753511194741574,0.7476820816837334,200.0,fill_missing
hurricane_beryl_pre_landfall_2024,Hurricane Beryl Pre Landfall Disaster Maps June 30 2024,hurricane,696.0,-0.6866884805010773,0.6866884805010773,0.7476820816837334,200.0,fill_missing
hurricane_beryl_pre_landfall_2024,Hurricane Beryl Pre Landfall Disaster Maps June 30 2024,hurricane,720.0,-0.685142964220744,0.685142964220744,0.7476820816837334,200.0,fill_missing
hurricane_ernesto_puerto_rico_14_august_2024,Hurricane Ernesto Puerto Rico 14 August 2024,hurricane,0.0,-0.3566573955871282,0.3566573955871282,0.809055204185795,200.0,fill_missing
hurricane_ernesto_puerto_rico_14_august_2024,Hurricane Ernesto Puerto Rico 14 August 2024,hurricane,24.0,-0.6285606869967776,0.6285606869967776,0.809055204185795,200.0,fill_missing
hurricane_ernesto_puerto_rico_14_august_2024,Hurricane Ernesto Puerto Rico 14 August 2024,hurricane,48.0,-0.6336650612556584,0.6336650612556584,0.809055204185795,200.0,fill_missing
hurricane_ernesto_puerto_rico_14_august_2024,Hurricane Ernesto Puerto Rico 14 August 2024,hurricane,72.0,-0.6672936926867821,0.6672936926867821,0.809055204185795,200.0,fill_missing
hurricane_ernesto_puerto_rico_14_august_2024,Hurricane Ernesto Puerto Rico 14 August 2024,hurricane,96.0,-0.5480377769423451,0.5480377769423451,0.809055204185795,200.0,fill_missing
hurricane_ernesto_puerto_rico_14_august_2024,Hurricane Ernesto Puerto Rico 14 August 2024,hurricane,120.0,-0.26197392195584407,0.26197392195584407,0.809055204185795,200.0,fill_missing
hurricane_ernesto_puerto_rico_14_august_2024,Hurricane Ernesto Puerto Rico 14 August 2024,hurricane,144.0,-0.2534707745529408,0.2534707745529408,0.809055204185795,200.0,fill_missing
hurricane_ernesto_puerto_rico_14_august_2024,Hurricane Ernesto Puerto Rico 14 August 2024,hurricane,168.0,-0.3636373698371963,0.3636373698371963,0.809055204185795,200.0,fill_missing
hurricane_ernesto_puerto_rico_14_august_2024,Hurricane Ernesto Puerto Rico 14 August 2024,hurricane,192.0,-0.5169748637895755,0.5169748637895755,0.809055204185795,200.0,fill_missing
hurricane_ernesto_puerto_rico_14_august_2024,Hurricane Ernesto Puerto Rico 14 August 2024,hurricane,216.0,-0.42438047387930855,0.42438047387930855,0.809055204185795,200.0,fill_missing
hurricane_ernesto_puerto_rico_14_august_2024,Hurricane Ernesto Puerto Rico 14 August 2024,hurricane,240.0,-0.40565980423670217,0.40565980423670217,0.809055204185795,200.0,fill_missing
hurricane_ernesto_puerto_rico_14_august_2024,Hurricane Ernesto Puerto Rico 14 August 2024,hurricane,264.0,-0.43994727896038016,0.43994727896038016,0.809055204185795,200.0,fill_missing
hurricane_ernesto_puerto_rico_14_august_2024,Hurricane Ernesto Puerto Rico 14 August 2024,hurricane,288.0,-0.395059681643442,0.395059681643442,0.809055204185795,200.0,fill_missing
hurricane_ernesto_puerto_rico_14_august_2024,Hurricane Ernesto Puerto Rico 14 August 2024,hurricane,312.0,-0.30184205294613325,0.30184205294613325,0.809055204185795,200.0,fill_missing
hurricane_ernesto_puerto_rico_14_august_2024,Hurricane Ernesto Puerto Rico 14 August 2024,hurricane,336.0,-0.32099843392599664,0.32099843392599664,0.809055204185795,200.0,fill_missing
hurricane_helene_pre_landfall_gulf_of_mexico_24_september_2024,Hurricane Helene Pre Landfall Gulf Of Mexico 24 September 2024,hurricane,0.0,0.17610866968316893,0.17610866968316893,0.9450025882685946,200.0,fill_missing
hurricane_helene_pre_landfall_gulf_of_mexico_24_september_2024,Hurricane Helene Pre Landfall Gulf Of Mexico 24 September 2024,hurricane,24.0,0.4068724765705574,0.4068724765705574,0.9450025882685946,200.0,fill_missing
hurricane_helene_pre_landfall_gulf_of_mexico_24_september_2024,Hurricane Helene Pre Landfall Gulf Of Mexico 24 September 2024,hurricane,48.0,0.4715040255396149,0.4715040255396149,0.9450025882685946,200.0,fill_missing
hurricane_helene_pre_landfall_gulf_of_mexico_24_september_2024,Hurricane Helene Pre Landfall Gulf Of Mexico 24 September 2024,hurricane,72.0,0.46938243183763984,0.46938243183763984,0.9450025882685946,200.0,fill_missing
hurricane_helene_pre_landfall_gulf_of_mexico_24_september_2024,Hurricane Helene Pre Landfall Gulf Of Mexico 24 September 2024,hurricane,96.0,0.4752546201033463,0.4752546201033463,0.9450025882685946,200.0,fill_missing
hurricane_helene_pre_landfall_gulf_of_mexico_24_september_2024,Hurricane Helene Pre Landfall Gulf Of Mexico 24 September 2024,hurricane,120.0,0.5067596607156353,0.5067596607156353,0.9450025882685946,200.0,fill_missing
hurricane_helene_pre_landfall_gulf_of_mexico_24_september_2024,Hurricane Helene Pre Landfall Gulf Of Mexico 24 September 2024,hurricane,144.0,0.504755937216611,0.504755937216611,0.9450025882685946,200.0,fill_missing
hurricane_helene_pre_landfall_gulf_of_mexico_24_september_2024,Hurricane Helene Pre Landfall Gulf Of Mexico 24 September 2024,hurricane,168.0,0.5203305162134224,0.5203305162134224,0.9450025882685946,200.0,fill_missing
hurricane_helene_pre_landfall_gulf_of_mexico_24_september_2024,Hurricane Helene Pre Landfall Gulf Of Mexico 24 September 2024,hurricane,192.0,0.6101315651005811,0.6101315651005811,0.9450025882685946,200.0,fill_missing
hurricane_helene_pre_landfall_gulf_of_mexico_24_september_2024,Hurricane Helene Pre Landfall Gulf Of Mexico 24 September 2024,hurricane,216.0,0.562720425898975,0.562720425898975,0.9450025882685946,200.0,fill_missing
hurricane_helene_pre_landfall_gulf_of_mexico_24_september_2024,Hurricane Helene Pre Landfall Gulf Of Mexico 24 September 2024,hurricane,240.0,0.541162224143268,0.541162224143268,0.9450025882685946,200.0,fill_missing
hurricane_helene_pre_landfall_gulf_of_mexico_24_september_2024,Hurricane Helene Pre Landfall Gulf Of Mexico 24 September 2024,hurricane,264.0,0.5893285024623631,0.5893285024623631,0.9450025882685946,200.0,fill_missing
hurricane_john_across_southeastern_guerrero_mexico,"Hurricane John Across Southeastern Guerrero, Mexico",hurricane,72.0,0.4470765521091464,0.4470765521091464,0.931529661461368,200.0,fill_missing
hurricane_john_across_southeastern_guerrero_mexico,"Hurricane John Across Southeastern Guerrero, Mexico",hurricane,96.0,0.39974982504229317,0.39974982504229317,0.931529661461368,200.0,fill_missing
hurricane_john_across_southeastern_guerrero_mexico,"Hurricane John Across Southeastern Guerrero, Mexico",hurricane,120.0,0.32226735882015695,0.32226735882015695,0.931529661461368,200.0,fill_missing
hurricane_john_across_southeastern_guerrero_mexico,"Hurricane John Across Southeastern Guerrero, Mexico",hurricane,144.0,0.3664266898812212,0.3664266898812212,0.931529661461368,200.0,fill_missing
hurricane_john_across_southeastern_guerrero_mexico,"Hurricane John Across Southeastern Guerrero, Mexico",hurricane,168.0,0.39053660771174376,0.39053660771174376,0.931529661461368,200.0,fill_missing
hurricane_john_across_southeastern_guerrero_mexico,"Hurricane John Across Southeastern Guerrero, Mexico",hurricane,192.0,0.3941028251534782,0.3941028251534782,0.931529661461368,200.0,fill_missing
hurricane_john_across_southeastern_guerrero_mexico,"Hurricane John Across Southeastern Guerrero, Mexico",hurricane,216.0,0.3834706472689021,0.3834706472689021,0.931529661461368,200.0,fill_missing
hurricane_john_southern_mexico_25_september_2024,Hurricane John Southern Mexico 25 September 2024,hurricane,24.0,0.5091821110733818,0.5091821110733818,0.5468610254851539,200.0,fill_missing
hurricane_john_southern_mexico_25_september_2024,Hurricane John Southern Mexico 25 September 2024,hurricane,48.0,0.5202058112482417,0.5202058112482417,0.5468610254851539,200.0,fill_missing
hurricane_john_southern_mexico_25_september_2024,Hurricane John Southern Mexico 25 September 2024,hurricane,72.0,0.7203384869881947,0.7203384869881947,0.5468610254851539,200.0,fill_missing
hurricane_john_southern_mexico_25_september_2024,Hurricane John Southern Mexico 25 September 2024,hurricane,96.0,0.7522036351391563,0.7522036351391563,0.5468610254851539,200.0,fill_missing
hurricane_john_southern_mexico_25_september_2024,Hurricane John Southern Mexico 25 September 2024,hurricane,120.0,0.5601520870205517,0.5601520870205517,0.5468610254851539,200.0,fill_missing
hurricane_john_southern_mexico_25_september_2024,Hurricane John Southern Mexico 25 September 2024,hurricane,144.0,0.5251144860859228,0.5251144860859228,0.5468610254851539,200.0,fill_missing
hurricane_john_southern_mexico_25_september_2024,Hurricane John Southern Mexico 25 September 2024,hurricane,168.0,0.5153720857092815,0.5153720857092815,0.5468610254851539,200.0,fill_missing
hurricane_john_southern_mexico_25_september_2024,Hurricane John Southern Mexico 25 September 2024,hurricane,192.0,0.390920892453978,0.390920892453978,0.5468610254851539,200.0,fill_missing
hurricane_john_southern_mexico_25_september_2024,Hurricane John Southern Mexico 25 September 2024,hurricane,216.0,0.4111102003408091,0.4111102003408091,0.5468610254851539,200.0,fill_missing
hurricane_john_southern_mexico_25_september_2024,Hurricane John Southern Mexico 25 September 2024,hurricane,240.0,0.3344049632789033,0.3344049632789033,0.5468610254851539,200.0,fill_missing
hurricane_john_southern_mexico_25_september_2024,Hurricane John Southern Mexico 25 September 2024,hurricane,264.0,0.2184556136308889,0.2184556136308889,0.5468610254851539,200.0,fill_missing
hurricane_john_southern_mexico_25_september_2024,Hurricane John Southern Mexico 25 September 2024,hurricane,288.0,0.25787741255848023,0.25787741255848023,0.5468610254851539,200.0,fill_missing
hurricane_john_southern_mexico_25_september_2024,Hurricane John Southern Mexico 25 September 2024,hurricane,312.0,0.20064717632980478,0.20064717632980478,0.5468610254851539,200.0,fill_missing
hurricane_john_southern_mexico_25_september_2024,Hurricane John Southern Mexico 25 September 2024,hurricane,336.0,0.2873805748788459,0.2873805748788459,0.5468610254851539,200.0,fill_missing
hurricane_john_southern_mexico_25_september_2024,Hurricane John Southern Mexico 25 September 2024,hurricane,360.0,0.188627538810227,0.188627538810227,0.5468610254851539,200.0,fill_missing
hurricane_milton_across_florida_us,"Hurricane Milton Across Florida, US",hurricane,0.0,0.45350728448313904,0.45350728448313904,0.9043854733721971,200.0,fill_missing
hurricane_milton_across_florida_us,"Hurricane Milton Across Florida, US",hurricane,24.0,0.45328776472534427,0.45328776472534427,0.9043854733721971,200.0,fill_missing
hurricane_milton_across_florida_us,"Hurricane Milton Across Florida, US",hurricane,48.0,0.5770782133826782,0.5770782133826782,0.9043854733721971,200.0,fill_missing
hurricane_milton_across_florida_us,"Hurricane Milton Across Florida, US",hurricane,72.0,0.6089918289214005,0.6089918289214005,0.9043854733721971,200.0,fill_missing
hurricane_milton_across_florida_us,"Hurricane Milton Across Florida, US",hurricane,96.0,0.5881653574164754,0.5881653574164754,0.9043854733721971,200.0,fill_missing
hurricane_milton_across_florida_us,"Hurricane Milton Across Florida, US",hurricane,120.0,0.5859083479411651,0.5859083479411651,0.9043854733721971,200.0,fill_missing
hurricane_milton_across_florida_us,"Hurricane Milton Across Florida, US",hurricane,144.0,0.45913094189822307,0.45913094189822307,0.9043854733721971,200.0,fill_missing
hurricane_milton_across_florida_us,"Hurricane Milton Across Florida, US",hurricane,168.0,0.5370379569349324,0.5370379569349324,0.9043854733721971,200.0,fill_missing
hurricane_milton_across_florida_us,"Hurricane Milton Across Florida, US",hurricane,192.0,0.48633647383913314,0.48633647383913314,0.9043854733721971,200.0,fill_missing
hurricane_milton_across_florida_us,"Hurricane Milton Across Florida, US",hurricane,216.0,0.5444446459198774,0.5444446459198774,0.9043854733721971,200.0,fill_missing
tropical_storm_debby_united_states_pre_landfall_4_august_2024,Tropical Storm Debby United States Pre-landfall 4 August 2024,tropical_storm,0.0,0.08248246952601537,0.08248246952601537,0.6948528179368364,200.0,fill_missing
tropical_storm_debby_united_states_pre_landfall_4_august_2024,Tropical Storm Debby United States Pre-landfall 4 August 2024,tropical_storm,24.0,0.0682797542644904,0.0682797542644904,0.6948528179368364,200.0,fill_missing
tropical_storm_debby_united_states_pre_landfall_4_august_2024,Tropical Storm Debby United States Pre-landfall 4 August 2024,tropical_storm,48.0,0.06579771017594149,0.06579771017594149,0.6948528179368364,200.0,fill_missing
tropical_storm_debby_united_states_pre_landfall_4_august_2024,Tropical Storm Debby United States Pre-landfall 4 August 2024,tropical_storm,72.0,0.08190573325149304,0.08190573325149304,0.6948528179368364,200.0,fill_missing
tropical_storm_debby_united_states_pre_landfall_4_august_2024,Tropical Storm Debby United States Pre-landfall 4 August 2024,tropical_storm,96.0,0.06178203214426612,0.06178203214426612,0.6948528179368364,200.0,fill_missing
tropical_storm_debby_united_states_pre_landfall_4_august_2024,Tropical Storm Debby United States Pre-landfall 4 August 2024,tropical_storm,120.0,0.06593069736942542,0.06593069736942542,0.6948528179368364,200.0,fill_missing
tropical_storm_debby_united_states_pre_landfall_4_august_2024,Tropical Storm Debby United States Pre-landfall 4 August 2024,tropical_storm,144.0,0.07349024748677314,0.07349024748677314,0.6948528179368364,200.0,fill_missing
tropical_storm_debby_united_states_pre_landfall_4_august_2024,Tropical Storm Debby United States Pre-landfall 4 August 2024,tropical_storm,168.0,0.06427369666118574,0.06427369666118574,0.6948528179368364,200.0,fill_missing
tropical_storm_debby_united_states_pre_landfall_4_august_2024,Tropical Storm Debby United States Pre-landfall 4 August 2024,tropical_storm,192.0,0.048771664713968536,0.048771664713968536,0.6948528179368364,200.0,fill_missing
tropical_storm_debby_united_states_pre_landfall_4_august_2024,Tropical Storm Debby United States Pre-landfall 4 August 2024,tropical_storm,216.0,0.06707830832691086,0.06707830832691086,0.6948528179368364,200.0,fill_missing
tropical_storm_debby_united_states_pre_landfall_4_august_2024,Tropical Storm Debby United States Pre-landfall 4 August 2024,tropical_storm,240.0,0.09822665320838968,0.09822665320838968,0.6948528179368364,200.0,fill_missing
tropical_storm_debby_united_states_pre_landfall_4_august_2024,Tropical Storm Debby United States Pre-landfall 4 August 2024,tropical_storm,264.0,0.08038082315852468,0.08038082315852468,0.6948528179368364,200.0,fill_missing
tropical_storm_debby_united_states_pre_landfall_4_august_2024,Tropical Storm Debby United States Pre-landfall 4 August 2024,tropical_storm,288.0,1.592280098618339,1.592280098618339,0.6948528179368364,200.0,fill_missing
tropical_storm_debby_united_states_pre_landfall_4_august_2024,Tropical Storm Debby United States Pre-landfall 4 August 2024,tropical_storm,312.0,0.08408365379578073,0.08408365379578073,0.6948528179368364,200.0,fill_missing
tropical_storm_kristine_in_bicol_and_calabarzon_philippines,"Tropical Storm Kristine in Bicol and Calabarzon, Philippines",tropical_storm,0.0,-0.33053885944210426,0.33053885944210426,0.8478312742039663,200.0,fill_missing
tropical_storm_kristine_in_bicol_and_calabarzon_philippines,"Tropical Storm Kristine in Bicol and Calabarzon, Philippines",tropical_storm,24.0,0.1582029894074107,0.1582029894074107,0.8478312742039663,200.0,fill_missing
tropical_storm_kristine_in_bicol_and_calabarzon_philippines,"Tropical Storm Kristine in Bicol and Calabarzon, Philippines",tropical_storm,48.0,0.29136442836368215,0.29136442836368215,0.8478312742039663,200.0,fill_missing
tropical_storm_kristine_in_bicol_and_calabarzon_philippines,"Tropical Storm Kristine in Bicol and Calabarzon, Philippines",tropical_storm,72.0,0.47000648923165694,0.47000648923165694,0.8478312742039663,200.0,fill_missing
tropical_storm_kristine_in_bicol_and_calabarzon_philippines,"Tropical Storm Kristine in Bicol and Calabarzon, Philippines",tropical_storm,96.0,0.40833280421585605,0.40833280421585605,0.8478312742039663,200.0,fill_missing
tropical_storm_kristine_in_bicol_and_calabarzon_philippines,"Tropical Storm Kristine in Bicol and Calabarzon, Philippines",tropical_storm,120.0,0.3574086944675864,0.3574086944675864,0.8478312742039663,200.0,fill_missing
tropical_storm_kristine_in_bicol_and_calabarzon_philippines,"Tropical Storm Kristine in Bicol and Calabarzon, Philippines",tropical_storm,144.0,0.685308358443025,0.685308358443025,0.8478312742039663,200.0,fill_missing
tropical_storm_kristine_in_bicol_and_calabarzon_philippines,"Tropical Storm Kristine in Bicol and Calabarzon, Philippines",tropical_storm,168.0,0.39581501222553234,0.39581501222553234,0.8478312742039663,200.0,fill_missing
tropical_storm_kristine_in_bicol_and_calabarzon_philippines,"Tropical Storm Kristine in Bicol and Calabarzon, Philippines",tropical_storm,192.0,0.8523406210060824,0.8523406210060824,0.8478312742039663,200.0,fill_missing
tropical_storm_kristine_in_bicol_and_calabarzon_philippines,"Tropical Storm Kristine in Bicol and Calabarzon, Philippines",tropical_storm,216.0,1.022341957741141,1.022341957741141,0.8478312742039663,200.0,fill_missing
tropical_storm_kristine_in_bicol_and_calabarzon_philippines,"Tropical Storm Kristine in Bicol and Calabarzon, Philippines",tropical_storm,240.0,1.0926846023527172,1.0926846023527172,0.8478312742039663,200.0,fill_missing
tropical_storm_kristine_in_bicol_and_calabarzon_philippines,"Tropical Storm Kristine in Bicol and Calabarzon, Philippines",tropical_storm,264.0,1.2029020553381053,1.2029020553381053,0.8478312742039663,200.0,fill_missing
tropical_storm_yagi_philippines_2_september_2024,Tropical Storm Yagi Philippines 2 September 2024,tropical_storm,0.0,-0.18191785969385513,0.18191785969385513,0.8506176062351865,200.0,fill_missing
tropical_storm_yagi_philippines_2_september_2024,Tropical Storm Yagi Philippines 2 September 2024,tropical_storm,24.0,0.09667793501398268,0.09667793501398268,0.8506176062351865,200.0,fill_missing
tropical_storm_yagi_philippines_2_september_2024,Tropical Storm Yagi Philippines 2 September 2024,tropical_storm,48.0,0.04324544582963768,0.04324544582963768,0.8506176062351865,200.0,fill_missing
tropical_storm_yagi_philippines_2_september_2024,Tropical Storm Yagi Philippines 2 September 2024,tropical_storm,72.0,-0.040295271155241605,0.040295271155241605,0.8506176062351865,200.0,fill_missing
tropical_storm_yagi_philippines_2_september_2024,Tropical Storm Yagi Philippines 2 September 2024,tropical_storm,96.0,-0.21060728217422578,0.21060728217422578,0.8506176062351865,200.0,fill_missing
tropical_storm_yagi_philippines_2_september_2024,Tropical Storm Yagi Philippines 2 September 2024,tropical_storm,120.0,-0.21161676125118054,0.21161676125118054,0.8506176062351865,200.0,fill_missing
tropical_storm_yagi_philippines_2_september_2024,Tropical Storm Yagi Philippines 2 September 2024,tropical_storm,144.0,-0.02739254217011537,0.02739254217011537,0.8506176062351865,200.0,fill_missing
tropical_storm_yagi_philippines_2_september_2024,Tropical Storm Yagi Philippines 2 September 2024,tropical_storm,168.0,-0.057240756960424015,0.057240756960424015,0.8506176062351865,200.0,fill_missing
tropical_storm_yagi_philippines_2_september_2024,Tropical Storm Yagi Philippines 2 September 2024,tropical_storm,192.0,-0.10273696434107402,0.10273696434107402,0.8506176062351865,200.0,fill_missing
tropical_storm_yagi_philippines_2_september_2024,Tropical Storm Yagi Philippines 2 September 2024,tropical_storm,216.0,-0.08111388032049957,0.08111388032049957,0.8506176062351865,200.0,fill_missing
tropical_storm_yagi_philippines_2_september_2024,Tropical Storm Yagi Philippines 2 September 2024,tropical_storm,240.0,-0.0989525935070801,0.0989525935070801,0.8506176062351865,200.0,fill_missing
tropical_storm_yagi_philippines_2_september_2024,Tropical Storm Yagi Philippines 2 September 2024,tropical_storm,264.0,-0.18860738202294014,0.18860738202294014,0.8506176062351865,200.0,fill_missing
tropical_storm_yagi_philippines_2_september_2024,Tropical Storm Yagi Philippines 2 September 2024,tropical_storm,288.0,-0.46290026596430994,0.46290026596430994,0.8506176062351865,200.0,fill_missing
tropical_storm_yagi_philippines_2_september_2024,Tropical Storm Yagi Philippines 2 September 2024,tropical_storm,312.0,-0.3128464786476626,0.3128464786476626,0.8506176062351865,200.0,fill_missing
tropical_storm_yagi_philippines_2_september_2024,Tropical Storm Yagi Philippines 2 September 2024,tropical_storm,336.0,-0.4391683463824884,0.4391683463824884,0.8506176062351865,200.0,fill_missing
turkiye_earthquake_2023,Turkiye Turkey Earthquake Full Country Version Feb 8 2023,earthquake,-8.0,0.00884469897226211,0.00884469897226211,0.883757850174362,200.0,fill_missing
turkiye_earthquake_2023,Turkiye Turkey Earthquake Full Country Version Feb 8 2023,earthquake,16.0,1.5024572431079946,1.5024572431079946,0.883757850174362,200.0,fill_missing
turkiye_earthquake_2023,Turkiye Turkey Earthquake Full Country Version Feb 8 2023,earthquake,40.0,1.396063543656022,1.396063543656022,0.883757850174362,200.0,fill_missing
turkiye_earthquake_2023,Turkiye Turkey Earthquake Full Country Version Feb 8 2023,earthquake,64.0,1.4602740720077994,1.4602740720077994,0.883757850174362,200.0,fill_missing
turkiye_earthquake_2023,Turkiye Turkey Earthquake Full Country Version Feb 8 2023,earthquake,88.0,1.286717468228932,1.286717468228932,0.883757850174362,200.0,fill_missing
turkiye_earthquake_2023,Turkiye Turkey Earthquake Full Country Version Feb 8 2023,earthquake,112.0,1.2993373657394152,1.2993373657394152,0.883757850174362,200.0,fill_missing
turkiye_earthquake_2023,Turkiye Turkey Earthquake Full Country Version Feb 8 2023,earthquake,136.0,1.4199920073673185,1.4199920073673185,0.883757850174362,200.0,fill_missing
turkiye_earthquake_2023,Turkiye Turkey Earthquake Full Country Version Feb 8 2023,earthquake,160.0,1.4458034127118342,1.4458034127118342,0.883757850174362,200.0,fill_missing
turkiye_earthquake_2023,Turkiye Turkey Earthquake Full Country Version Feb 8 2023,earthquake,184.0,1.334843807624197,1.334843807624197,0.883757850174362,200.0,fill_missing
turkiye_earthquake_2023,Turkiye Turkey Earthquake Full Country Version Feb 8 2023,earthquake,208.0,1.2540964916757866,1.2540964916757866,0.883757850174362,200.0,fill_missing
turkiye_earthquake_2023,Turkiye Turkey Earthquake Full Country Version Feb 8 2023,earthquake,232.0,1.2254333297910867,1.2254333297910867,0.883757850174362,200.0,fill_missing
turkiye_earthquake_2023,Turkiye Turkey Earthquake Full Country Version Feb 8 2023,earthquake,256.0,1.1910192802868662,1.1910192802868662,0.883757850174362,200.0,fill_missing
turkiye_earthquake_2023,Turkiye Turkey Earthquake Full Country Version Feb 8 2023,earthquake,280.0,1.2156797850820988,1.2156797850820988,0.883757850174362,200.0,fill_missing
turkiye_earthquake_2023,Turkiye Turkey Earthquake Full Country Version Feb 8 2023,earthquake,304.0,1.2152518233540448,1.2152518233540448,0.883757850174362,200.0,fill_missing
turkiye_earthquake_2023,Turkiye Turkey Earthquake Full Country Version Feb 8 2023,earthquake,328.0,1.2240910504618003,1.2240910504618003,0.883757850174362,200.0,fill_missing
turkiye_earthquake_2023,Turkiye Turkey Earthquake Full Country Version Feb 8 2023,earthquake,352.0,1.4024950800741232,1.4024950800741232,0.883757850174362,200.0,fill_missing
turkiye_earthquake_2023,Turkiye Turkey Earthquake Full Country Version Feb 8 2023,earthquake,376.0,1.2479423179752187,1.2479423179752187,0.883757850174362,200.0,fill_missing
turkiye_earthquake_2023,Turkiye Turkey Earthquake Full Country Version Feb 8 2023,earthquake,400.0,1.244758733121096,1.244758733121096,0.883757850174362,200.0,fill_missing
turkiye_earthquake_2023,Turkiye Turkey Earthquake Full Country Version Feb 8 2023,earthquake,424.0,1.1814052988838508,1.1814052988838508,0.883757850174362,200.0,fill_missing
turkiye_earthquake_2023,Turkiye Turkey Earthquake Full Country Version Feb 8 2023,earthquake,448.0,1.2294621639016015,1.2294621639016015,0.883757850174362,200.0,fill_missing
turkiye_earthquake_2023,Turkiye Turkey Earthquake Full Country Version Feb 8 2023,earthquake,472.0,1.2647417338210958,1.2647417338210958,0.883757850174362,200.0,fill_missing
turkiye_earthquake_2023,Turkiye Turkey Earthquake Full Country Version Feb 8 2023,earthquake,496.0,1.2231571201800762,1.2231571201800762,0.883757850174362,200.0,fill_missing
turkiye_earthquake_2023,Turkiye Turkey Earthquake Full Country Version Feb 8 2023,earthquake,520.0,1.1830504947317197,1.1830504947317197,0.883757850174362,200.0,fill_missing
turkiye_earthquake_2023,Turkiye Turkey Earthquake Full Country Version Feb 8 2023,earthquake,544.0,1.2048729924040429,1.2048729924040429,0.883757850174362,200.0,fill_missing
turkiye_earthquake_2023,Turkiye Turkey Earthquake Full Country Version Feb 8 2023,earthquake,568.0,1.1836210827211096,1.1836210827211096,0.883757850174362,200.0,fill_missing
turkiye_earthquake_2023,Turkiye Turkey Earthquake Full Country Version Feb 8 2023,earthquake,592.0,1.1547431142495246,1.1547431142495246,0.883757850174362,200.0,fill_missing
turkiye_earthquake_2023,Turkiye Turkey Earthquake Full Country Version Feb 8 2023,earthquake,616.0,1.2502809132129,1.2502809132129,0.883757850174362,200.0,fill_missing
turkiye_earthquake_2023,Turkiye Turkey Earthquake Full Country Version Feb 8 2023,earthquake,640.0,1.1619051378024714,1.1619051378024714,0.883757850174362,200.0,fill_missing
turkiye_earthquake_2023,Turkiye Turkey Earthquake Full Country Version Feb 8 2023,earthquake,664.0,1.2344476162174445,1.2344476162174445,0.883757850174362,200.0,fill_missing
turkiye_earthquake_2023,Turkiye Turkey Earthquake Full Country Version Feb 8 2023,earthquake,688.0,1.1089580149787786,1.1089580149787786,0.883757850174362,200.0,fill_missing
turkiye_earthquake_2023,Turkiye Turkey Earthquake Full Country Version Feb 8 2023,earthquake,712.0,1.0847381544898802,1.0847381544898802,0.883757850174362,200.0,fill_missing
turkiye_earthquake_2023,Turkiye Turkey Earthquake Full Country Version Feb 8 2023,earthquake,736.0,1.1096372447891683,1.1096372447891683,0.883757850174362,200.0,fill_missing
turkiye_earthquake_2023,Turkiye Turkey Earthquake Full Country Version Feb 8 2023,earthquake,760.0,1.108779621803336,1.108779621803336,0.883757850174362,200.0,fill_missing
turkiye_earthquake_2023,Turkiye Turkey Earthquake Full Country Version Feb 8 2023,earthquake,784.0,1.0782485555052428,1.0782485555052428,0.883757850174362,200.0,fill_missing
turkiye_earthquake_2023,Turkiye Turkey Earthquake Full Country Version Feb 8 2023,earthquake,808.0,1.1523963401494368,1.1523963401494368,0.883757850174362,200.0,fill_missing
turkiye_earthquake_2023,Turkiye Turkey Earthquake Full Country Version Feb 8 2023,earthquake,832.0,1.2860978003078072,1.2860978003078072,0.883757850174362,200.0,fill_missing
typhoon_krathon_across_taiwan,Typhoon Krathon Across Taiwan,typhoon,0.0,0.45267619134821463,0.45267619134821463,0.9684214939926664,200.0,fill_missing
typhoon_krathon_across_taiwan,Typhoon Krathon Across Taiwan,typhoon,24.0,0.4249921075738306,0.4249921075738306,0.9684214939926664,200.0,fill_missing
typhoon_krathon_across_taiwan,Typhoon Krathon Across Taiwan,typhoon,48.0,0.4413245579577497,0.4413245579577497,0.9684214939926664,200.0,fill_missing
typhoon_krathon_across_taiwan,Typhoon Krathon Across Taiwan,typhoon,72.0,0.3996049420656021,0.3996049420656021,0.9684214939926664,200.0,fill_missing
typhoon_krathon_across_taiwan,Typhoon Krathon Across Taiwan,typhoon,96.0,0.4427156475268114,0.4427156475268114,0.9684214939926664,200.0,fill_missing
typhoon_krathon_across_taiwan,Typhoon Krathon Across Taiwan,typhoon,120.0,0.4126981160456343,0.4126981160456343,0.9684214939926664,200.0,fill_missing
typhoon_krathon_across_taiwan,Typhoon Krathon Across Taiwan,typhoon,144.0,0.529506136352621,0.529506136352621,0.9684214939926664,200.0,fill_missing
typhoon_krathon_across_taiwan,Typhoon Krathon Across Taiwan,typhoon,168.0,0.5033872175415947,0.5033872175415947,0.9684214939926664,200.0,fill_missing
typhoon_krathon_across_taiwan,Typhoon Krathon Across Taiwan,typhoon,192.0,0.4209373597216034,0.4209373597216034,0.9684214939926664,200.0,fill_missing
typhoon_krathon_across_taiwan,Typhoon Krathon Across Taiwan,typhoon,216.0,0.4045481229828807,0.4045481229828807,0.9684214939926664,200.0,fill_missing
typhoon_krathon_across_taiwan,Typhoon Krathon Across Taiwan,typhoon,240.0,0.35022256063771584,0.35022256063771584,0.9684214939926664,200.0,fill_missing
typhoon_yagi_across_northeastern_vietnam,Typhoon Yagi Across Northeastern Vietnam,typhoon,29.0,-1.7176117387696457,1.7176117387696457,0.926156258036644,200.0,fill_missing
typhoon_yagi_across_northeastern_vietnam,Typhoon Yagi Across Northeastern Vietnam,typhoon,53.0,-1.336658960197121,1.336658960197121,0.926156258036644,200.0,fill_missing
typhoon_yagi_across_northeastern_vietnam,Typhoon Yagi Across Northeastern Vietnam,typhoon,77.0,-1.0336631600704524,1.0336631600704524,0.926156258036644,200.0,fill_missing
typhoon_yagi_across_northeastern_vietnam,Typhoon Yagi Across Northeastern Vietnam,typhoon,101.0,-0.8202687991699258,0.8202687991699258,0.926156258036644,200.0,fill_missing
typhoon_yagi_across_northeastern_vietnam,Typhoon Yagi Across Northeastern Vietnam,typhoon,125.0,-0.6125758941179484,0.6125758941179484,0.926156258036644,200.0,fill_missing
typhoon_yagi_across_northeastern_vietnam,Typhoon Yagi Across Northeastern Vietnam,typhoon,149.0,-0.4998238358446923,0.4998238358446923,0.926156258036644,200.0,fill_missing
typhoon_yagi_across_northeastern_vietnam,Typhoon Yagi Across Northeastern Vietnam,typhoon,173.0,-0.55071486608699,0.55071486608699,0.926156258036644,200.0,fill_missing
typhoon_yagi_across_northeastern_vietnam,Typhoon Yagi Across Northeastern Vietnam,typhoon,197.0,-0.4867008699906575,0.4867008699906575,0.926156258036644,200.0,fill_missing
typhoon_yagi_across_northeastern_vietnam,Typhoon Yagi Across Northeastern Vietnam,typhoon,221.0,-0.46002515332784166,0.46002515332784166,0.926156258036644,200.0,fill_missing
typhoon_yagi_across_northeastern_vietnam,Typhoon Yagi Across Northeastern Vietnam,typhoon,245.0,-0.2664014841781442,0.2664014841781442,0.926156258036644,200.0,fill_missing
typhoon_yagi_across_northeastern_vietnam,Typhoon Yagi Across Northeastern Vietnam,typhoon,269.0,-0.35698198757893074,0.35698198757893074,0.926156258036644,200.0,fill_missing
