window_start_pt,hours_since_quake,r_bin_km,n_tiles,n_tiles_crisis,n_tiles_overlap,baseline_sum,crisis_sum,baseline_sum_overlap,crisis_sum_overlap,phi_aggregate,phi_overlap,tile_overlap_ratio
2024-09-09 08:00:00,-8.0,0.0,53,50,49,27975.858184608485,28813.622114644197,27806.339232040955,28793.09671335325,1.0299459599954872,1.0354867813802424,0.9245283018867925
2024-09-09 08:00:00,-8.0,10.0,171,158,156,73769.2810000004,77689.82825391364,73366.77240643727,77660.30944106195,1.0531460684009273,1.058521547204494,0.9122807017543859
2024-09-09 08:00:00,-8.0,20.0,206,196,195,114858.90906893185,121026.26563857567,114567.4936438567,120998.8427115581,1.0536950648377004,1.0561358973924473,0.9466019417475728
2024-09-09 08:00:00,-8.0,30.0,342,336,332,121971.70698809318,129441.19220339222,121692.99798121281,129385.4199269657,1.061239490696217,1.063211705466739,0.9707602339181286
2024-09-09 08:00:00,-8.0,40.0,391,390,384,177819.77961347604,187577.99356258518,177575.27241326935,187498.47361832455,1.0548769882086257,1.0558816611693604,0.9820971867007673
2024-09-09 08:00:00,-8.0,50.0,361,357,343,104286.93457190093,109462.49727174964,103690.79771228123,109202.22892404313,1.0496281027061967,1.0531525586972037,0.9501385041551247
2024-09-09 08:00:00,-8.0,60.0,363,353,349,132988.0816449893,140623.28483155207,132701.16433175246,140578.96836353594,1.0574126876041787,1.0593649955631814,0.9614325068870524
2024-09-09 08:00:00,-8.0,70.0,414,406,401,295670.2335489816,312559.03922945505,295366.5384898413,312497.5804969359,1.0571204124194518,1.0579992645567866,0.9685990338164251
2024-09-09 08:00:00,-8.0,80.0,511,510,493,346543.7302707902,364340.1602864928,346248.80751840887,364115.5073482868,1.051354067210497,1.051600754838493,0.9647749510763209
2024-09-09 08:00:00,-8.0,90.0,443,439,426,314069.15017963154,330205.1470810642,313571.1387450646,329976.4576337128,1.0513772106945354,1.0523176940145178,0.9616252821670429
2024-09-09 08:00:00,-8.0,100.0,449,441,432,436500.5667010072,458032.1636617547,435980.67861915275,457848.4299882316,1.049327764047317,1.0501576157877888,0.9621380846325167
2024-09-09 08:00:00,-8.0,110.0,433,435,425,365223.7728195658,386763.5786984246,364904.8462120558,386621.002225184,1.0589770093895292,1.0595118322997232,0.9815242494226328
2024-09-09 08:00:00,-8.0,120.0,289,288,281,144249.5507756957,153043.119135622,143854.26329436776,152894.09996715316,1.0609608023916834,1.0628402416846503,0.972318339100346
2024-09-09 08:00:00,-8.0,130.0,210,211,201,73785.63948530999,78398.08702679085,73573.99583845609,78171.19940327288,1.062511453091074,1.0624840816707946,0.9571428571428572
2024-09-09 08:00:00,-8.0,140.0,134,134,125,24675.81471305956,26247.870736050885,24468.019779329145,26114.501833524733,1.063708373614887,1.0672911853531586,0.9328358208955224
2024-09-09 08:00:00,-8.0,150.0,100,97,95,24073.21295773805,25412.268764796474,24013.030909972385,25381.560779242,1.055624307790124,1.0569911342887282,0.95
2024-09-09 08:00:00,-8.0,160.0,119,118,115,17231.35593551256,17957.002123211838,17104.66990938067,17922.51544620461,1.042111960916771,1.0478141666081149,0.9663865546218487
2024-09-09 08:00:00,-8.0,170.0,121,123,120,16179.49105495988,17185.719579770826,16166.769969421845,17147.26911660752,1.06219160549568,1.0606490442457097,0.9917355371900827
2024-09-09 08:00:00,-8.0,180.0,94,96,87,41908.32353549897,44096.66278507869,41733.67916980963,43928.017196184795,1.0522172939637173,1.052579548940477,0.925531914893617
2024-09-09 08:00:00,-8.0,190.0,109,116,103,18955.185837525874,19899.93811326411,18810.967369753474,19699.347055874878,1.0498413618223619,1.0472266879559764,0.944954128440367
2024-09-09 08:00:00,-8.0,200.0,78,82,75,5566.5766906589015,5574.900939714092,5524.645813296818,5492.92741831473,1.001495398252423,0.9942587459804667,0.9615384615384616
2024-09-09 08:00:00,-8.0,210.0,77,79,74,34686.43645332148,35783.95298252682,34582.31134497273,35718.88794699777,1.0316410862984526,1.0328658368345371,0.961038961038961
2024-09-09 08:00:00,-8.0,220.0,48,50,48,21736.946389602635,22686.501953491756,21736.946389602635,22661.71508579861,1.0436839446935067,1.0425436342171004,1.0
2024-09-09 08:00:00,-8.0,230.0,59,63,57,14866.46932389084,15588.227857429953,14841.81701479801,15482.063195304887,1.0485494247365934,1.0431379917882373,0.9661016949152542
2024-09-09 08:00:00,-8.0,240.0,47,43,40,9665.731127050414,9891.635015817852,9463.674959865297,9850.774226057276,1.0233716297089235,1.0409036941604226,0.851063829787234
2024-09-09 08:00:00,-8.0,250.0,19,21,18,3317.3087695944746,3436.9438779173443,3292.54707981763,3400.416626491717,1.036063905000165,1.032761732500439,0.9473684210526315
2024-09-09 08:00:00,-8.0,260.0,4,6,3,67.61508199620411,77.08212757567948,53.61220579056449,42.83337209203105,1.14001381496523,0.7989481398948434,0.75
2024-09-10 08:00:00,16.0,0.0,52,49,48,27878.701253167175,29178.965664229512,27733.518721807064,29164.452510168656,1.0466400640135494,1.051595825351813,0.9230769230769231
2024-09-10 08:00:00,16.0,10.0,171,156,152,72947.2341757807,76593.76332660523,72480.74653838147,76536.89319535506,1.0499885868467267,1.0559617119123588,0.8888888888888888
2024-09-10 08:00:00,16.0,20.0,205,199,197,113173.5221673513,119659.01188960782,112981.33242756687,119625.8325440572,1.057305716019568,1.058810601483658,0.9609756097560975
2024-09-10 08:00:00,16.0,30.0,337,331,327,120505.63417103284,128729.65546347311,120314.16360756362,128683.10365469866,1.0682459484074245,1.0695590593509219,0.9703264094955489
2024-09-10 08:00:00,16.0,40.0,390,392,382,175348.5312364935,187378.9957643885,175073.10392268532,187230.88494602582,1.068608869678352,1.0694440251011346,0.9794871794871794
2024-09-10 08:00:00,16.0,50.0,359,352,345,102013.40329304966,109363.81014997735,101546.89707286222,109107.68016393867,1.0720533441651043,1.0744560721107157,0.9610027855153204
2024-09-10 08:00:00,16.0,60.0,360,354,347,131907.29906227783,140336.20950288637,131509.21978752027,140197.22672715588,1.0639002579882177,1.0660638619381428,0.9638888888888889
2024-09-10 08:00:00,16.0,70.0,406,408,395,294584.29085122654,312582.359071831,294341.1039844962,312418.23653773626,1.0610964969265588,1.0614155899686788,0.9729064039408867
2024-09-10 08:00:00,16.0,80.0,509,504,491,343309.9873494706,361972.96364640084,343011.86064639007,361630.3196180891,1.0543618798888374,1.0542793445585625,0.9646365422396856
2024-09-10 08:00:00,16.0,90.0,441,436,424,311307.2972681753,326905.3013910323,310661.1056382,326489.31250463636,1.0501048457897861,1.0509500757551222,0.9614512471655329
2024-09-10 08:00:00,16.0,100.0,454,440,434,433989.5860449225,453713.42308111856,433333.6702888572,453633.0138525219,1.04544771964679,1.0468446025671934,0.9559471365638766
2024-09-10 08:00:00,16.0,110.0,436,440,427,366243.75524921593,383846.1638362338,366096.89461343084,383658.0878594468,1.0480620033372037,1.0479687031067533,0.9793577981651376
2024-09-10 08:00:00,16.0,120.0,289,294,279,143577.80675199453,152050.15070139393,143065.95788050105,151697.95870948414,1.0590087294203754,1.06033581263401,0.9653979238754326
2024-09-10 08:00:00,16.0,130.0,216,217,204,73812.90725686427,77358.09349417486,73431.79025132953,77092.38974809235,1.0480293537954488,1.0498503370847143,0.9444444444444444
2024-09-10 08:00:00,16.0,140.0,133,132,124,24394.56289627409,25784.426740096827,24152.09184089959,25583.33686082653,1.0569743286539894,1.0592596711438156,0.9323308270676691
2024-09-10 08:00:00,16.0,150.0,101,102,100,24220.389789853263,25693.980432365363,24210.10854590551,25606.575503319425,1.0608409135979073,1.0576811522660476,0.9900990099009901
2024-09-10 08:00:00,16.0,160.0,119,120,117,16949.557886514547,17797.746930915342,16910.640792714068,17725.90902899762,1.0500419568510182,1.04821036921527,0.9831932773109243
2024-09-10 08:00:00,16.0,170.0,121,126,119,15996.959276116475,17024.843264324634,15973.346357760629,16929.307168713138,1.0642549606125955,1.0598472473795735,0.9834710743801653
2024-09-10 08:00:00,16.0,180.0,95,97,88,41172.066348312306,43315.23876978658,40961.418074850495,43183.714830874495,1.0520540407990022,1.0542534135894197,0.9263157894736842
2024-09-10 08:00:00,16.0,190.0,110,111,104,18801.874947059925,19728.42261287596,18624.119830018895,19612.73322492483,1.0492795356008322,1.0530824223603017,0.9454545454545454
2024-09-10 08:00:00,16.0,200.0,76,77,73,5442.883186450735,5446.926720513633,5339.959218453036,5395.106624677847,1.000742902966017,1.0103273084997058,0.9605263157894737
2024-09-10 08:00:00,16.0,210.0,75,78,71,34068.444642980096,35248.84447843373,33973.888360477555,35164.0904484997,1.0346478933166343,1.0350328486216707,0.9466666666666667
2024-09-10 08:00:00,16.0,220.0,48,49,46,21703.049670879893,22906.60602708347,21666.295068976575,22870.870519573597,1.0554556329389253,1.0555967435485463,0.9583333333333334
2024-09-10 08:00:00,16.0,230.0,58,63,56,14836.813804531796,15454.887990577783,14814.842032360442,15364.565067343909,1.0416581480490914,1.0371062366903874,0.9655172413793104
2024-09-10 08:00:00,16.0,240.0,43,45,40,9731.990671153178,10004.468228955648,9638.48806699696,9947.700469373773,1.0279981318323832,1.0320810069201187,0.9302325581395349
2024-09-10 08:00:00,16.0,250.0,18,22,18,3321.7143007796517,3497.8071127173753,3321.7143007796517,3452.8663029540608,1.0530126302242164,1.0394832277248003,1.0
2024-09-10 08:00:00,16.0,260.0,5,5,4,78.82674027170096,80.28554075964391,66.62919256857992,68.41707302845998,1.0185064165144309,1.026833290198434,0.8
2024-09-11 08:00:00,40.0,0.0,53,52,50,27875.719028109226,29206.330825769826,27760.94315669799,29165.055956064014,1.0477337211039774,1.0505787138225253,0.9433962264150944
2024-09-11 08:00:00,40.0,10.0,173,158,158,72704.19409700437,75975.38130960544,72262.21174916269,75975.38130960544,1.0449931018867569,1.0513846652429066,0.9132947976878613
2024-09-11 08:00:00,40.0,20.0,206,190,189,113366.55474572178,118950.12357227669,112931.49313112031,118918.57086380175,1.0492523464180306,1.0530151294974033,0.9174757281553398
2024-09-11 08:00:00,40.0,30.0,336,335,326,120282.50277717781,128534.50108376128,120089.62872719731,128367.42937724158,1.0686051430262489,1.0689301877087871,0.9702380952380952
2024-09-11 08:00:00,40.0,40.0,389,391,381,175023.7511118804,187593.70870257478,174754.77652740342,187447.16311663916,1.0718185818258419,1.0726296976909553,0.9794344473007712
2024-09-11 08:00:00,40.0,50.0,358,358,342,102213.88735948547,109117.37170161326,101512.60468347289,108763.72092422057,1.0675395929111695,1.0714306983192623,0.9553072625698324
2024-09-11 08:00:00,40.0,60.0,354,360,344,132348.3746126587,140134.0961935843,132166.61202286772,139660.21380216297,1.0588274816650518,1.056698145353069,0.9717514124293786
2024-09-11 08:00:00,40.0,70.0,406,413,398,294988.8211181491,312839.71915078996,294881.8378389189,312660.5196732251,1.0605138118962523,1.0602908675712268,0.9802955665024631
2024-09-11 08:00:00,40.0,80.0,507,508,491,343378.86003298766,359729.3128525587,343077.8343002009,359318.6939433672,1.0476163640883434,1.047338702823206,0.9684418145956607
2024-09-11 08:00:00,40.0,90.0,439,438,424,311124.79587748175,326465.46287791745,310378.58750811697,326131.548749015,1.0493071179272921,1.0507540206538446,0.9658314350797267
2024-09-11 08:00:00,40.0,100.0,452,445,437,432440.0453908944,451790.2307216942,432016.7479358746,451665.0486392858,1.0447465158165652,1.0454804143526575,0.9668141592920354
2024-09-11 08:00:00,40.0,110.0,437,438,424,366033.8912607021,383784.31623452646,365694.6228572696,383593.42464567255,1.0484939383964909,1.0489446676807956,0.9702517162471396
2024-09-11 08:00:00,40.0,120.0,285,287,277,143665.75646728248,151744.5797136462,143457.30254802603,151552.43358650757,1.0562334647101763,1.0564288530085215,0.9719298245614035
2024-09-11 08:00:00,40.0,130.0,211,213,201,73835.76386908021,77329.69594078878,73545.90755994682,77143.50369563438,1.047320321326989,1.048916333417399,0.95260663507109
2024-09-11 08:00:00,40.0,140.0,134,138,130,24481.78432399611,25653.463067717683,24433.681468054754,25537.36328819753,1.0478592053673612,1.0451705086515826,0.9701492537313433
2024-09-11 08:00:00,40.0,150.0,101,104,99,24336.46163553635,25739.11538471282,24314.75749495999,25683.06559940468,1.057635895068998,1.0562747995627064,0.9801980198019802
2024-09-11 08:00:00,40.0,160.0,119,117,117,17090.483242552626,17620.096918300907,17054.620639255256,17620.096918300907,1.03098880635684,1.0331567785063522,0.9831932773109243
2024-09-11 08:00:00,40.0,170.0,122,121,119,16026.333466282971,16948.830539134244,15989.299105447073,16924.06059049984,1.057561330218922,1.0584616923411185,0.9754098360655737
2024-09-11 08:00:00,40.0,180.0,96,99,89,41235.04349167526,43268.88310507757,41091.46108670991,43110.646331977296,1.049323086413451,1.0491388038260934,0.9270833333333334
2024-09-11 08:00:00,40.0,190.0,111,113,101,18872.03924827837,19719.795875396874,18549.876264866594,19540.608095748605,1.044921304792,1.0534090802944305,0.9099099099099099
2024-09-11 08:00:00,40.0,200.0,78,77,73,5462.290314259211,5294.193269476751,5341.32546481186,5247.43255931993,0.9692259043164282,0.9824214221525186,0.9358974358974359
2024-09-11 08:00:00,40.0,210.0,73,83,72,34104.156597559326,34875.86408221624,34080.9731463419,34732.05566259627,1.0226279598045285,1.0191039884177795,0.9863013698630136
2024-09-11 08:00:00,40.0,220.0,49,53,48,21760.577213688928,22724.185348453975,21746.82118387886,22560.933349695377,1.0442822874275077,1.0374359157567372,0.9795918367346939
2024-09-11 08:00:00,40.0,230.0,58,61,56,14883.304945979327,15491.651356693736,14846.455990852892,15422.613961849253,1.040874416866581,1.0388077781897134,0.9655172413793104
2024-09-11 08:00:00,40.0,240.0,47,44,41,9674.960826816352,10008.25645007773,9610.405708970084,9944.899920842616,1.0344492995090557,1.0348054204996076,0.8723404255319149
2024-09-11 08:00:00,40.0,250.0,17,22,17,3338.388732862204,3483.768455739485,3338.388732862204,3418.7969054472546,1.0435478712967732,1.0240859225870056,1.0
2024-09-11 08:00:00,40.0,260.0,5,5,4,80.97486678620555,81.02072166739606,67.77027704053725,69.36390892370818,1.0005662853550792,1.0235152039029984,0.8
2024-09-12 08:00:00,64.0,0.0,52,49,48,27872.581276922207,29142.544804992503,27684.469254964624,29127.25117006943,1.0455631832392143,1.0521152094994948,0.9230769230769231
2024-09-12 08:00:00,64.0,10.0,169,156,152,72911.9736281507,75563.11133344828,72476.16962447143,75421.97129939168,1.0363608002002294,1.0406451070770386,0.8994082840236687
2024-09-12 08:00:00,64.0,20.0,203,193,190,113562.7545239445,118574.24138842896,113198.24802222018,118539.42334491393,1.044129669850759,1.0471842578486312,0.9359605911330049
2024-09-12 08:00:00,64.0,30.0,338,335,328,120739.36201527476,128099.18320464515,120563.57891574113,127986.23182415639,1.0609562703208528,1.0615662953536138,0.9704142011834319
2024-09-12 08:00:00,64.0,40.0,391,392,384,175527.3953387342,185662.49631429868,175314.28242106724,185511.94015220017,1.0577408498314789,1.0581678662474308,0.9820971867007673
2024-09-12 08:00:00,64.0,50.0,359,354,344,102726.73745077458,107707.38059363319,102338.25296561893,107340.8973831648,1.0484843894243723,1.048883426016922,0.958217270194986
2024-09-12 08:00:00,64.0,60.0,362,361,351,132237.7673300552,140356.52714326238,132006.79826119205,140081.7976944251,1.0613951670323,1.061171087698496,0.9696132596685083
2024-09-12 08:00:00,64.0,70.0,414,418,404,294550.2961064875,312762.830683721,294295.82697652513,312592.8461711538,1.061831662768552,1.062172200613936,0.9758454106280193
2024-09-12 08:00:00,64.0,80.0,510,513,500,344006.366270366,362185.643636876,343784.9669380502,361971.63196886453,1.0528457585352426,1.0529012806836653,0.9803921568627451
2024-09-12 08:00:00,64.0,90.0,440,448,428,311969.71999686526,327157.7898793989,311699.8481616964,326807.8738721855,1.0486844360493905,1.0484697884827063,0.9727272727272728
2024-09-12 08:00:00,64.0,100.0,454,452,444,432766.67339578667,454153.24121269153,432354.1142124174,454040.37085208145,1.0494182411253876,1.0501585527390391,0.9779735682819384
2024-09-12 08:00:00,64.0,110.0,436,441,427,365153.44034055737,388477.75006599753,364931.020975027,388288.3347730704,1.063875366212316,1.064004736390009,0.9793577981651376
2024-09-12 08:00:00,64.0,120.0,287,285,274,143478.29794117535,152635.81096883083,143261.95058182094,152499.61410768252,1.063825074307823,1.0644809280366854,0.9547038327526133
2024-09-12 08:00:00,64.0,130.0,210,221,205,72973.34655007852,77542.76165182698,72794.31606752411,77090.39186106698,1.0626175900897277,1.0590166379138424,0.9761904761904762
2024-09-12 08:00:00,64.0,140.0,134,139,129,24625.43235714848,26034.44449295455,24440.95249610198,25896.741101957494,1.0572177623268024,1.0595634972118084,0.9626865671641791
2024-09-12 08:00:00,64.0,150.0,100,102,96,24160.4320446263,25735.789024600424,24110.866517916784,25666.39298767934,1.065204006992272,1.0645155771820414,0.96
2024-09-12 08:00:00,64.0,160.0,120,120,118,17150.193855770052,17997.469008510994,17104.312391917734,17976.29827346966,1.049403240561965,1.0509804698120435,0.9833333333333333
2024-09-12 08:00:00,64.0,170.0,124,123,116,16072.305855714665,17262.433515779405,15906.8201352214,17179.615796611288,1.0740483456915784,1.0800157197082791,0.9354838709677419
2024-09-12 08:00:00,64.0,180.0,95,103,90,41336.78298802028,43540.809665138106,41263.02657871337,43287.604472000596,1.0533187761069016,1.0490651816202852,0.9473684210526315
2024-09-12 08:00:00,64.0,190.0,110,112,103,18959.18020199384,19765.43391942963,18694.010662599132,19575.70537166629,1.0425257689860978,1.047164555802418,0.9363636363636364
2024-09-12 08:00:00,64.0,200.0,77,80,73,5483.378845459116,5416.929943499148,5408.562076143914,5334.853434678056,0.9878817597994355,0.9863718599457383,0.948051948051948
2024-09-12 08:00:00,64.0,210.0,75,81,73,34093.80709286398,34876.76851606394,34073.39032419954,34775.25203686163,1.0229649162109513,1.0205985288221704,0.9733333333333334
2024-09-12 08:00:00,64.0,220.0,50,53,49,21652.222012831615,22690.51149577591,21637.56160049427,22635.908255802064,1.0479530222038635,1.0461395176471728,0.98
2024-09-12 08:00:00,64.0,230.0,59,60,56,14947.771507477297,15418.090583124682,14914.290705584575,15353.622361010643,1.0314641600864796,1.0294570934748886,0.9491525423728814
2024-09-12 08:00:00,64.0,240.0,45,44,42,9655.438146103208,9949.476778827566,9557.246060321162,9926.87797041854,1.0304531631061224,1.0386755669744634,0.9333333333333333
2024-09-12 08:00:00,64.0,250.0,17,20,16,3305.4565490008868,3529.797170530732,3230.88709738328,3481.272691087744,1.067869783857136,1.077497475509823,0.9411764705882353
2024-09-12 08:00:00,64.0,260.0,5,6,5,80.56990469382265,92.90699532614043,80.56990469382265,82.75887211054962,1.1531228152645894,1.0271685491629332,1.0
2024-09-13 08:00:00,88.0,0.0,52,50,48,27826.624603681477,29324.063477518604,27524.779768846554,29284.49581240998,1.053813169766879,1.0639320662450904,0.9230769230769231
2024-09-13 08:00:00,88.0,10.0,171,157,153,72619.08422287034,74839.39430789396,72130.62690653416,74772.34227090489,1.030574746415273,1.0366240455360776,0.8947368421052632
2024-09-13 08:00:00,88.0,20.0,205,197,193,113911.49172360779,119113.3044493105,113434.1727590259,119063.77032324798,1.0456653902691773,1.0496287620149647,0.9414634146341463
2024-09-13 08:00:00,88.0,30.0,340,336,330,121534.14000307313,128574.89749632055,121387.60101881056,128499.52649417572,1.0579323430689467,1.0585885660122987,0.9705882352941176
2024-09-13 08:00:00,88.0,40.0,392,389,382,177027.583627403,187270.13740923133,176771.64362350074,187176.17933800153,1.0578585188361733,1.0588586240486682,0.9744897959183674
2024-09-13 08:00:00,88.0,50.0,361,365,348,104055.3838830198,109572.61903960303,103712.84428790187,109196.30783957336,1.0530221017951917,1.0528715955031536,0.96398891966759
2024-09-13 08:00:00,88.0,60.0,360,355,344,133306.47310689502,141117.51437330147,132925.0482777878,140849.26096655545,1.0585946134824449,1.0596141418900038,0.9555555555555556
2024-09-13 08:00:00,88.0,70.0,412,418,403,293511.33840912953,310333.7462762579,293320.6809285404,310135.99900417787,1.0573143373551022,1.0573274207001246,0.9781553398058253
2024-09-13 08:00:00,88.0,80.0,505,509,492,344776.04236097494,361944.13238326646,344511.70688913786,361655.64701558964,1.0497949042651775,1.0497630117747163,0.9742574257425742
2024-09-13 08:00:00,88.0,90.0,443,449,434,312197.2131376082,328213.82967625035,312061.8666501767,327989.26580063807,1.051302881206638,1.0510392356536022,0.9796839729119639
2024-09-13 08:00:00,88.0,100.0,448,441,433,430854.1623692899,451871.1335684271,430218.44007706875,451639.2939575572,1.0487797798762435,1.049790645600061,0.9665178571428571
2024-09-13 08:00:00,88.0,110.0,442,447,434,364513.27450126875,387709.48451897607,364311.43766405556,387493.24730029114,1.0636361187379106,1.0636318469298578,0.9819004524886877
2024-09-13 08:00:00,88.0,120.0,285,296,279,144040.65844350087,153236.67521420168,143915.6391998064,152754.41144824197,1.0638432014271018,1.0614163429185357,0.9789473684210527
2024-09-13 08:00:00,88.0,130.0,202,204,193,72822.9243151629,77089.10650478094,72454.99611849373,76880.94042268398,1.0585829562563962,1.0610854260064002,0.9554455445544554
2024-09-13 08:00:00,88.0,140.0,132,139,128,24713.36977848264,25985.73566610852,24647.55244539103,25739.040921863125,1.0514849208760555,1.0442838484222883,0.9696969696969697
2024-09-13 08:00:00,88.0,150.0,105,104,100,24117.529691934884,25330.21935292864,24064.412121066238,25285.25683265651,1.0502824989326869,1.0507323721621908,0.9523809523809523
2024-09-13 08:00:00,88.0,160.0,121,118,115,17341.23909406753,18009.126835058323,17215.86659796917,17978.212595365756,1.038514418569967,1.0442815929746176,0.9504132231404959
2024-09-13 08:00:00,88.0,170.0,121,120,117,16209.327216671769,17155.286529823017,15983.93809027823,17108.024176572802,1.0583589497890018,1.070325978488259,0.9669421487603306
2024-09-13 08:00:00,88.0,180.0,97,98,91,41436.64162397676,43789.6794328088,41323.77581460003,43615.9936577055,1.0567864024837015,1.055469709578078,0.9381443298969072
2024-09-13 08:00:00,88.0,190.0,109,108,101,19148.91574901032,19996.27506513612,18771.357060550876,19869.570318746097,1.0442510336998894,1.058504734348865,0.926605504587156
2024-09-13 08:00:00,88.0,200.0,78,71,69,5604.400954163351,5329.09875742495,5365.085261658971,5299.353034250258,0.9508774980608968,0.9877481485935626,0.8846153846153846
2024-09-13 08:00:00,88.0,210.0,77,82,75,34582.163964222316,35617.77239419415,34534.486271876325,35528.817305755896,1.0299463165764653,1.0287924084363553,0.974025974025974
2024-09-13 08:00:00,88.0,220.0,47,50,45,21660.062515906957,22726.203912719266,21623.963324907683,22669.80961746396,1.0492215290712732,1.0483651529019944,0.9574468085106383
2024-09-13 08:00:00,88.0,230.0,60,60,55,14993.025179755421,15470.446094586512,14850.3247398642,15400.523467168174,1.0318428675405507,1.037049609146056,0.9166666666666666
2024-09-13 08:00:00,88.0,240.0,45,44,42,9542.708704785222,9923.65786368995,9479.355504182296,9900.32112612397,1.0399204429989255,1.044408675437475,0.9333333333333333
2024-09-13 08:00:00,88.0,250.0,17,20,17,3243.371242404123,3403.2976718452783,3243.371242404123,3361.108179845103,1.0493087030403003,1.03630078971586,1.0
2024-09-13 08:00:00,88.0,260.0,5,6,5,73.49416768156445,74.71935952499173,73.49416768156445,64.2695143215757,1.0166705996145953,0.8744845522986623,1.0
2024-09-14 08:00:00,112.0,0.0,51,51,47,27969.502494386084,27690.746619334896,27871.53160303349,27619.106775751134,0.990033577640248,0.9909432739155647,0.9215686274509803
2024-09-14 08:00:00,112.0,10.0,177,157,156,74309.47711699165,72071.62158148375,73689.54677665094,72046.3950753747,0.9698846550624404,0.9777016989091202,0.8813559322033898
2024-09-14 08:00:00,112.0,20.0,216,195,193,117979.54432610911,115474.53964805917,117119.35600964114,115430.56931801095,0.9787674660691533,0.9855806354374834,0.8935185185185185
2024-09-14 08:00:00,112.0,30.0,351,340,337,122605.2315227866,121540.09324202375,122348.15225581222,121506.36856381572,0.9913124565115731,0.9931197678389416,0.9601139601139601
2024-09-14 08:00:00,112.0,40.0,396,390,386,182160.07201891413,183279.40726910316,181922.5615367553,183226.57390404586,1.006144789238296,1.007167952981066,0.9747474747474747
2024-09-14 08:00:00,112.0,50.0,366,359,347,109379.402796601,109201.72398507592,108893.08725000161,108998.40236390926,0.9983755733988099,1.0009671423280144,0.9480874316939891
2024-09-14 08:00:00,112.0,60.0,368,370,354,134350.571280503,136008.0083518806,134083.1999216245,135726.2709328745,1.0123366581591762,1.012254115446308,0.9619565217391305
2024-09-14 08:00:00,112.0,70.0,426,428,412,290101.15098650835,294114.9473577067,289916.68280001666,293907.2509110626,1.0138358512455024,1.013764534253445,0.9671361502347418
2024-09-14 08:00:00,112.0,80.0,501,503,488,348183.8049609612,351603.77875674877,347885.8835883028,351320.20231632574,1.009822323000264,1.0098719692003577,0.9740518962075848
2024-09-14 08:00:00,112.0,90.0,453,439,429,319017.8331236745,319761.1985711333,318371.2502190567,319633.8004724655,1.0023301689444133,1.003965654098918,0.9470198675496688
2024-09-14 08:00:00,112.0,100.0,444,436,430,434900.9219858542,439031.05821048596,434413.2352317305,438720.6652666794,1.0094967290613517,1.0099155128932735,0.9684684684684685
2024-09-14 08:00:00,112.0,110.0,431,432,421,346858.30993841647,355705.0189301838,346549.7982060359,355556.1861583869,1.0255052531200364,1.0259887265812122,0.9767981438515081
2024-09-14 08:00:00,112.0,120.0,287,292,274,142830.45001439005,144886.12684115773,142266.92707138055,144443.34936506907,1.014392427010911,1.0152981605668374,0.9547038327526133
2024-09-14 08:00:00,112.0,130.0,196,199,188,69989.45864380161,71436.98719390976,69809.49884398282,71242.25551385926,1.020682093820372,1.0205238068400764,0.9591836734693877
2024-09-14 08:00:00,112.0,140.0,128,131,122,25133.48535062748,25538.35402099123,24888.476644846174,25295.93358853891,1.0161087356057301,1.0163713090803856,0.953125
2024-09-14 08:00:00,112.0,150.0,102,104,99,23001.351042047427,23533.999610172305,22948.972644091693,23480.885398300128,1.0231572731163128,1.0231780638923451,0.9705882352941176
2024-09-14 08:00:00,112.0,160.0,123,120,116,17721.999551503937,17674.21129573691,17612.820996861145,17604.44324096428,0.9973034501198274,0.999524337645948,0.943089430894309
2024-09-14 08:00:00,112.0,170.0,123,123,120,16318.292544158845,16372.524429740075,16119.807409834393,16326.78659335565,1.0033233799084356,1.0128400531258819,0.975609756097561
2024-09-14 08:00:00,112.0,180.0,98,97,92,44296.69119786103,44551.37227978178,44225.72713752045,44472.629463395104,1.0057494380513246,1.0055827759509053,0.9387755102040817
2024-09-14 08:00:00,112.0,190.0,94,88,84,19419.969989558387,18997.847863461375,19196.56186690708,18908.308570904832,0.9782635026560815,0.9849841186145334,0.8936170212765957
2024-09-14 08:00:00,112.0,200.0,74,73,71,6153.817878748024,5972.317545678238,6104.118124782382,5945.621251335276,0.9705060603602538,0.9740344354078572,0.9594594594594594
2024-09-14 08:00:00,112.0,210.0,70,70,67,36995.56902500661,37387.75079477897,36963.48059312845,37356.627513402,1.0106007767986287,1.010636090377989,0.9571428571428572
2024-09-14 08:00:00,112.0,220.0,48,44,41,21239.98711414928,21390.80746942512,20969.723863507512,21350.440591811934,1.0071007743302898,1.0181555432385527,0.8541666666666666
2024-09-14 08:00:00,112.0,230.0,56,54,52,14982.487577128546,14991.863445633073,14908.340833496422,14964.609832783093,1.000625788505164,1.003774330082409,0.9285714285714286
2024-09-14 08:00:00,112.0,240.0,43,43,40,9114.122936782373,9099.661887109885,9023.274260173836,9065.809476312352,0.9984133361188133,1.0047139447291604,0.9302325581395349
2024-09-14 08:00:00,112.0,250.0,18,18,17,3204.327027576436,3371.901744788437,3185.2953087948413,3358.812136436136,1.0522963841611213,1.0544743299505706,0.9444444444444444
2024-09-14 08:00:00,112.0,260.0,4,7,4,101.90359198000897,147.0404668335196,101.90359198000897,111.44895211973063,1.4429370346667014,1.0936704973225502,1.0
2024-09-14 08:00:00,112.0,280.0,0,1,0,,11.299682684089031,,,,,
2024-09-15 08:00:00,136.0,0.0,54,51,49,28376.452434522478,29040.3169169494,28153.209072288682,28996.572894097873,1.0233949075896207,1.0299562234501827,0.9074074074074074
2024-09-15 08:00:00,136.0,10.0,174,161,158,76629.27875720957,76952.54221873861,76225.54115177217,76860.41003659132,1.004218537180198,1.0083288209598285,0.9080459770114943
2024-09-15 08:00:00,136.0,20.0,214,200,196,121109.73159640914,122263.82037304882,120498.26010568968,122186.86817959197,1.0095292819282733,1.014013547352644,0.9158878504672897
2024-09-15 08:00:00,136.0,30.0,345,340,334,126326.65945363238,128811.9738732028,125808.98862122971,128726.05928033544,1.0196737128197604,1.0231865043275095,0.9681159420289855
2024-09-15 08:00:00,136.0,40.0,401,394,391,187360.62496596435,192866.76110405766,187112.27085111593,192820.5424110709,1.0293879044174492,1.030507200484446,0.9750623441396509
2024-09-15 08:00:00,136.0,50.0,366,362,347,112655.24904129135,115760.54369526848,112035.02343519035,115272.64593400617,1.027564580260605,1.0288983069717366,0.9480874316939891
2024-09-15 08:00:00,136.0,60.0,368,364,354,134085.60595803676,139082.56216163182,133825.2162615027,138845.93698076054,1.0372669099557108,1.037517000603586,0.9619565217391305
2024-09-15 08:00:00,136.0,70.0,432,432,415,293535.3740274197,305945.10734890844,293197.2849319859,305740.9573711413,1.0422767898506484,1.042782362197062,0.9606481481481481
2024-09-15 08:00:00,136.0,80.0,505,502,492,352974.56072447693,362538.3933632425,352690.7611493362,362355.95340185077,1.0270949629319912,1.027404154906179,0.9742574257425742
2024-09-15 08:00:00,136.0,90.0,448,447,430,323732.40335848805,332814.6393855943,323213.41252152366,332525.2984078551,1.0280547635420014,1.0288103325096738,0.9598214285714286
2024-09-15 08:00:00,136.0,100.0,440,437,430,445121.0928022473,458070.998302404,444680.0570402822,457880.5403633999,1.0290929944897262,1.0296853504314494,0.9772727272727273
2024-09-15 08:00:00,136.0,110.0,431,435,426,348068.0353692968,362513.7485839507,347896.97197911784,362390.36581680365,1.041502556244003,1.0416600172034718,0.988399071925754
2024-09-15 08:00:00,136.0,120.0,286,296,280,144427.7437762898,150303.3129962929,144160.56274847192,149980.11877448153,1.04068172129798,1.040368571785915,0.9790209790209791
2024-09-15 08:00:00,136.0,130.0,197,196,187,69946.54039519411,72370.46032372079,69664.24019308429,72224.97581929217,1.034653893027899,1.0367582509923376,0.949238578680203
2024-09-15 08:00:00,136.0,140.0,127,123,116,25263.365004044732,25934.915951416224,25005.54879766064,25773.542483430152,1.0265820070787868,1.0307129306372738,0.9133858267716536
2024-09-15 08:00:00,136.0,150.0,101,106,99,22634.238088785085,23437.003222911357,22477.41481544621,23358.45403050308,1.03546685030781,1.039196643488175,0.9801980198019802
2024-09-15 08:00:00,136.0,160.0,122,118,116,17889.392100135465,18348.60644325343,17652.2168774685,18252.675545875656,1.0256696449240714,1.0340160486682886,0.9508196721311475
2024-09-15 08:00:00,136.0,170.0,116,117,112,16305.557250707474,16658.139476476885,16160.42302603191,16587.827647375707,1.021623439196113,1.0264476134476996,0.9655172413793104
2024-09-15 08:00:00,136.0,180.0,97,96,91,46273.73583701355,48227.55329802358,46110.492671584856,48157.001436717874,1.042223032691629,1.044382713056418,0.9381443298969072
2024-09-15 08:00:00,136.0,190.0,82,80,73,19526.49805791797,19608.503536774602,19167.48942307648,19232.19579524228,1.0041997023026554,1.003375839722019,0.8902439024390244
2024-09-15 08:00:00,136.0,200.0,72,71,67,6121.109203996882,6046.084194411794,6023.062684095512,5994.58078494874,0.9877432329525997,0.9952711933046985,0.9305555555555556
2024-09-15 08:00:00,136.0,210.0,66,69,66,38434.741625568226,39656.230328587095,38434.741625568226,39444.7968651471,1.0317808485593225,1.0262797457940227,1.0
2024-09-15 08:00:00,136.0,220.0,46,45,43,21463.545041740766,22402.05569484077,21425.903284528715,22374.131817471352,1.043725798849857,1.0442561753570192,0.9347826086956522
2024-09-15 08:00:00,136.0,230.0,53,51,48,14887.28419505349,15327.59189230221,14730.555533124403,15284.390730809573,1.0295760926895599,1.0375977128927534,0.9056603773584906
2024-09-15 08:00:00,136.0,240.0,45,40,39,9161.930387147979,9479.594519407152,8869.804572583089,9466.601226548111,1.0346721835722286,1.067284081524157,0.8666666666666667
2024-09-15 08:00:00,136.0,250.0,21,19,19,3352.1113867224617,3470.721003478412,3304.8975823724018,3470.721003478412,1.035383554742768,1.0501750559504404,0.9047619047619048
2024-09-15 08:00:00,136.0,260.0,4,4,4,76.30102211701191,83.88464219983179,76.30102211701191,83.88464219983179,1.0993908059473956,1.0993908059473956,1.0
2024-09-15 08:00:00,136.0,280.0,1,0,0,10.063665174627888,,,,,,0.0
2024-09-16 08:00:00,160.0,0.0,53,54,51,27975.858184608493,29252.066001306317,27855.886813513924,29200.59368478949,1.045618182944606,1.048273705313277,0.9622641509433962
2024-09-16 08:00:00,160.0,10.0,171,167,163,73769.2810000004,76436.7514818524,73532.9343969819,76369.06835161272,1.0361596378017022,1.0385695739995822,0.9532163742690059
2024-09-16 08:00:00,160.0,20.0,206,194,193,114858.90906893183,118183.4794433296,114493.70601547645,118162.43626956557,1.0289448193557416,1.032043073648024,0.9368932038834952
2024-09-16 08:00:00,160.0,30.0,342,334,330,121971.70698809318,126647.64674492249,121720.24354785934,126504.92758234823,1.038336265616794,1.0393088601782792,0.9649122807017544
2024-09-16 08:00:00,160.0,40.0,391,388,384,177819.77961347607,183815.5999865624,177711.3012675735,183752.15606811247,1.033718523249322,1.0339925190882682,0.9820971867007673
2024-09-16 08:00:00,160.0,50.0,361,360,344,104286.93457190093,107157.20093898362,103863.95785615072,106835.19705621625,1.0275227800957538,1.028607028476429,0.9529085872576177
2024-09-16 08:00:00,160.0,60.0,363,359,346,132988.08164498932,139487.68616357556,132715.62341451703,139107.43737229152,1.0488735865514391,1.0481617295185408,0.953168044077135
2024-09-16 08:00:00,160.0,70.0,414,415,403,295670.2335489816,311411.6691783528,295443.6767034851,311125.5981186611,1.0532398389936788,1.0530792250832797,0.9734299516908212
2024-09-16 08:00:00,160.0,80.0,511,507,493,346543.73027079017,360162.8792652554,346221.8941472762,359948.6130738566,1.039299943426543,1.0396471718242677,0.9647749510763209
2024-09-16 08:00:00,160.0,90.0,443,437,425,314069.15017963154,326242.8432115306,313707.23648874,326043.33047827915,1.0387611869072029,1.03932358758317,0.9593679458239278
2024-09-16 08:00:00,160.0,100.0,449,446,436,436500.56670100713,452709.0127984848,436024.7657612583,452368.43020266877,1.0371327034463624,1.0374833397659786,0.9710467706013363
2024-09-16 08:00:00,160.0,110.0,433,431,424,365223.7728195658,384212.989553651,364912.6891725928,384099.73845605965,1.0519933754242954,1.0525798358148952,0.9792147806004619
2024-09-16 08:00:00,160.0,120.0,289,286,276,144249.5507756957,151464.91388990037,143711.96563087418,151339.5425094203,1.0500200040513428,1.0530754474414306,0.9550173010380623
2024-09-16 08:00:00,160.0,130.0,210,212,200,73785.63948530998,76789.70900299354,73519.56567185502,76548.55639364786,1.0407134713290875,1.041199790751109,0.9523809523809523
2024-09-16 08:00:00,160.0,140.0,134,136,127,24675.814713059553,25992.697146543695,24585.232620395833,25863.777304821568,1.0533673335124853,1.052004579503757,0.9477611940298507
2024-09-16 08:00:00,160.0,150.0,100,103,98,24073.21295773805,25296.007382774995,24043.684384282795,25241.636022001563,1.0507948160963654,1.0498239628574504,0.98
2024-09-16 08:00:00,160.0,160.0,119,118,116,17231.355935512565,17894.709023671378,17131.36319390249,17859.736326202517,1.0384968594834543,1.0425169394902138,0.9747899159663865
2024-09-16 08:00:00,160.0,170.0,121,125,120,16179.491054959886,17168.63533633434,16167.284247177342,17043.898308469674,1.061135685789772,1.0542214788761062,0.9917355371900827
2024-09-16 08:00:00,160.0,180.0,94,102,88,41908.32353549896,43361.124826651765,41741.92255218749,43125.90047259935,1.0346661753224795,1.0331555864175053,0.9361702127659575
2024-09-16 08:00:00,160.0,190.0,109,113,104,18955.185837525874,19419.3042862168,18733.392182403946,19276.8253903259,1.0244850381668167,1.0290087989740797,0.9541284403669725
2024-09-16 08:00:00,160.0,200.0,78,79,74,5566.576690658902,5384.746787411844,5509.353152412183,5331.551457371716,0.9673354175552487,0.9677273011691729,0.9487179487179487
2024-09-16 08:00:00,160.0,210.0,77,83,74,34686.43645332148,35055.48963148208,34639.900923327456,34945.92160152607,1.0106396971236074,1.0088343404583044,0.961038961038961
2024-09-16 08:00:00,160.0,220.0,48,48,46,21736.946389602632,22500.89041378573,21690.87862701465,22480.289035139405,1.0351449559883221,1.0363936575230104,0.9583333333333334
2024-09-16 08:00:00,160.0,230.0,59,57,54,14866.46932389084,15393.174751216207,14795.117655856498,15350.946761175745,1.0354290864797964,1.0375684140030632,0.9152542372881356
2024-09-16 08:00:00,160.0,240.0,47,44,42,9665.731127050412,9805.162521182823,9484.68677921005,9782.687874035586,1.014425333407237,1.03141918144084,0.8936170212765957
2024-09-16 08:00:00,160.0,250.0,19,21,18,3317.3087695944746,3416.114681471667,3292.54707981763,3378.3332431728636,1.0297849608643066,1.0260546504804982,0.9473684210526315
2024-09-16 08:00:00,160.0,260.0,4,7,4,67.61508199620411,84.84142707275174,67.61508199620411,54.28653863149908,1.2547707488917148,0.8028761783435641,1.0
2024-09-17 08:00:00,184.0,0.0,52,54,50,27878.70125316718,29650.02639214836,27782.285659491452,29574.241569880953,1.0635368600171053,1.0644999454815303,0.9615384615384616
2024-09-17 08:00:00,184.0,10.0,171,169,164,72947.2341757807,76747.93280171661,72772.93662892375,76669.31926703115,1.0521020250990927,1.0535416436191856,0.9590643274853801
2024-09-17 08:00:00,184.0,20.0,205,200,196,113173.5221673513,118691.93784994917,112990.39895831089,118639.08686621857,1.0487606604169986,1.0499926361884235,0.9560975609756097
2024-09-17 08:00:00,184.0,30.0,337,330,324,120505.63417103284,127076.17842190138,120273.02951458948,126991.06317991622,1.0545247887874105,1.0558565265416535,0.9614243323442137
2024-09-17 08:00:00,184.0,40.0,390,389,381,175348.5312364935,183934.23431426648,174991.28353932043,183822.26411322906,1.0489636441048564,1.0504652597277757,0.9769230769230769
2024-09-17 08:00:00,184.0,50.0,359,361,347,102013.40329304966,107153.83055924247,101765.56074692565,106867.32660273463,1.0503897242936413,1.0501325381431958,0.9665738161559888
2024-09-17 08:00:00,184.0,60.0,360,363,350,131907.29906227783,139167.16573764582,131702.78936820634,138747.45789201112,1.055037641790697,1.0534891368481933,0.9722222222222222
2024-09-17 08:00:00,184.0,70.0,406,413,400,294584.29085122654,311624.45762866817,294437.0218226396,311348.83744240995,1.057844791140093,1.0574378028791418,0.9852216748768473
2024-09-17 08:00:00,184.0,80.0,509,515,497,343309.98734947055,360046.97950874025,343055.0346925042,359780.40199488145,1.0487518358801264,1.0487541811399705,0.9764243614931237
2024-09-17 08:00:00,184.0,90.0,441,436,425,311307.2972681752,326073.0740136709,310839.69543099485,325904.08527036244,1.047431515017702,1.048463533006877,0.963718820861678
2024-09-17 08:00:00,184.0,100.0,454,449,444,433989.58604492253,454002.3965255788,433728.3727184145,453916.6369030319,1.046113573053766,1.0465458693838414,0.9779735682819384
2024-09-17 08:00:00,184.0,110.0,436,435,426,366243.75524921593,386239.8622010002,366072.5697434656,386007.8847142237,1.0545978099699684,1.0544572760114976,0.9770642201834863
2024-09-17 08:00:00,184.0,120.0,289,285,277,143577.8067519946,151932.1544524773,143057.73170678446,151814.32113794933,1.0581869015098786,1.0612101794617619,0.9584775086505191
2024-09-17 08:00:00,184.0,130.0,216,215,202,73812.90725686429,76825.59921848678,73471.88705769446,76571.85693104971,1.0408152459181497,1.0421925990674634,0.9351851851851852
2024-09-17 08:00:00,184.0,140.0,133,142,128,24394.56289627409,25828.472687019508,24281.9531890079,25625.93854473839,1.0587798927507912,1.0553491453207682,0.9624060150375939
2024-09-17 08:00:00,184.0,150.0,101,103,98,24220.38978985326,25520.387281940486,24165.946327026693,25460.41470005788,1.053673681694084,1.053565805183614,0.9702970297029703
2024-09-17 08:00:00,184.0,160.0,119,117,115,16949.557886514547,17755.59598789989,16871.074633103595,17722.024728125376,1.0475551106867895,1.0504384049936029,0.9663865546218487
2024-09-17 08:00:00,184.0,170.0,121,124,118,15996.959276116475,17117.676032510048,15939.286221067423,17020.015018533526,1.0700581114854,1.0678028352384858,0.9752066115702479
2024-09-17 08:00:00,184.0,180.0,95,99,88,41172.066348312306,43396.9565834565,40958.06020744603,43168.64653792198,1.054038828566966,1.0539719488491321,0.9263157894736842
2024-09-17 08:00:00,184.0,190.0,110,115,106,18801.87494705992,19632.910914865413,18581.01556986303,19497.061887330754,1.044199632757128,1.0493001210845267,0.9636363636363636
2024-09-17 08:00:00,184.0,200.0,76,75,73,5442.883186450735,5295.75121410567,5404.837544072457,5272.477862551998,0.9729680084424138,0.9755108862308695,0.9605263157894737
2024-09-17 08:00:00,184.0,210.0,75,81,72,34068.444642980096,35303.06187047619,34022.5597084964,35174.90087812447,1.036239318831084,1.0338699139483116,0.96
2024-09-17 08:00:00,184.0,220.0,48,50,46,21703.049670879893,22783.43747286428,21672.14539188735,22710.973602877115,1.0497804602748524,1.0479337966871816,0.9583333333333334
2024-09-17 08:00:00,184.0,230.0,58,63,55,14836.813804531796,15324.578694101736,14741.491132830864,15179.901985466926,1.0328753124488868,1.0297399258111464,0.9482758620689655
2024-09-17 08:00:00,184.0,240.0,43,47,40,9731.990671153178,10008.694697695188,9582.964854761767,9918.881592680897,1.0284324179802384,1.0350535291541023,0.9302325581395349
2024-09-17 08:00:00,184.0,250.0,18,21,17,3321.7143007796512,3477.576441934832,3311.4043483815253,3433.5034255259716,1.046922199515653,1.0368722947422966,0.9444444444444444
2024-09-17 08:00:00,184.0,260.0,5,6,4,78.82674027170096,94.3896840603204,67.64461275101193,72.49996097986593,1.1974322892837748,1.0717773083678621,0.8
2024-09-18 08:00:00,208.0,0.0,53,54,51,27875.71902810922,29514.149271550377,27796.586498877354,29461.54036022864,1.0587762504633156,1.0598977813847226,0.9622641509433962
2024-09-18 08:00:00,208.0,10.0,173,172,166,72704.19409700437,76127.06811717778,72404.56626999445,76006.39812493058,1.0470794575565545,1.0497459212932096,0.9595375722543352
2024-09-18 08:00:00,208.0,20.0,206,195,194,113366.5547457218,118901.2670483914,113031.83085703335,118889.03395979264,1.0488213857701136,1.051819058917728,0.941747572815534
2024-09-18 08:00:00,208.0,30.0,336,336,329,120282.5027771778,125967.6307150402,120141.98989332965,125858.90039305462,1.0472647958481047,1.0475846163760134,0.9791666666666666
2024-09-18 08:00:00,208.0,40.0,389,391,386,175023.7511118804,183100.23496880673,174954.3251256876,183016.29881697218,1.0461450734864184,1.046080448056902,0.9922879177377892
2024-09-18 08:00:00,208.0,50.0,358,370,347,102213.88735948547,107199.23288935264,101977.4982065866,106740.32248958922,1.0487736613747383,1.0467046590352125,0.9692737430167597
2024-09-18 08:00:00,208.0,60.0,354,357,339,132348.37461265872,139342.34856303636,131963.05555534482,138800.73109049385,1.052845182049623,1.0518150743507249,0.9576271186440678
2024-09-18 08:00:00,208.0,70.0,406,422,401,294988.8211181491,311740.89186033,294918.5427349701,311335.25070606195,1.0567888324672188,1.0556652281638486,0.9876847290640394
2024-09-18 08:00:00,208.0,80.0,507,518,497,343378.86003298766,358340.5696586222,343207.5007894404,357983.22833579674,1.0435720172878353,1.0430518782729674,0.980276134122288
2024-09-18 08:00:00,208.0,90.0,439,442,425,311124.7958774818,324615.29884391336,310545.4588177648,324112.9749979629,1.043360423679455,1.0436893079417393,0.9681093394077449
2024-09-18 08:00:00,208.0,100.0,452,450,440,432440.0453908944,451558.3274339364,432026.7490958187,451397.74135990674,1.0442102489045861,1.0448374835693142,0.9734513274336283
2024-09-18 08:00:00,208.0,110.0,437,436,421,366033.8912607021,385362.1735206685,365650.09141878964,385143.37182234216,1.0528046247121967,1.0533112964033866,0.9633867276887872
2024-09-18 08:00:00,208.0,120.0,285,284,276,143665.75646728248,151013.35451719334,143032.21204192512,150894.18904181634,1.051143697917911,1.0549664784432387,0.968421052631579
2024-09-18 08:00:00,208.0,130.0,211,220,204,73835.76386908023,77693.04228122794,73686.16496766059,77356.56432462682,1.0522413287277306,1.049811241480366,0.966824644549763
2024-09-18 08:00:00,208.0,140.0,134,148,130,24481.78432399611,25680.791447211297,24425.730086095962,25297.263728505284,1.048975479374678,1.0356809659051065,0.9701492537313433
2024-09-18 08:00:00,208.0,150.0,101,103,99,24336.461635536354,25360.33540091282,24310.504904905327,25313.250823083406,1.0420715953169377,1.0412474328320407,0.9801980198019802
2024-09-18 08:00:00,208.0,160.0,119,117,115,17090.483242552626,17912.93292136069,17019.900953598866,17890.38724404809,1.0481232547456758,1.0511452030668347,0.9663865546218487
2024-09-18 08:00:00,208.0,170.0,122,126,121,16026.333466282973,17029.157246076273,16012.743373818212,16961.622249964374,1.0625735001647814,1.0592577332936988,0.9918032786885246
2024-09-18 08:00:00,208.0,180.0,96,105,90,41235.04349167526,43320.017060310616,41103.468861728004,43052.85732981792,1.0505631470731027,1.0474263735415532,0.9375
2024-09-18 08:00:00,208.0,190.0,111,108,101,18872.039248278375,19472.703645305242,18566.279154466694,19387.22630838951,1.031828271927829,1.0442171071054542,0.9099099099099099
2024-09-18 08:00:00,208.0,200.0,78,72,69,5462.290314259212,5270.594318664555,5340.953441603118,5236.686625092243,0.9649055644123788,0.9804778645515436,0.8846153846153846
2024-09-18 08:00:00,208.0,210.0,73,83,71,34104.15659755933,35320.577987565695,33996.73303304504,35157.99438034012,1.0356678338174596,1.034158027660079,0.9726027397260274
2024-09-18 08:00:00,208.0,220.0,49,51,48,21760.577213688928,22778.409560684715,21746.821183878856,22743.344654091943,1.0467741428455997,1.0458238683156056,0.9795918367346939
2024-09-18 08:00:00,208.0,230.0,58,62,56,14883.304945979327,15461.69108437923,14849.499907161717,15370.103176737266,1.038861404808893,1.0350586398754391,0.9655172413793104
2024-09-18 08:00:00,208.0,240.0,47,48,45,9674.96082681635,9975.816217163765,9599.517229320167,9943.926314643717,1.0310962902830083,1.035877750630168,0.9574468085106383
2024-09-18 08:00:00,208.0,250.0,17,20,17,3338.3887328622045,3544.213062934587,3338.3887328622045,3508.462613804483,1.0616537936538974,1.0509449002352893,1.0
2024-09-18 08:00:00,208.0,260.0,5,8,5,80.97486678620557,109.2602169391114,80.97486678620557,74.12964935456628,1.349310240022826,0.9154649127152945,1.0
2024-09-19 08:00:00,232.0,0.0,52,57,49,27872.581276922207,30860.764516054955,27622.7495143388,30707.712930289752,1.1072087012481648,1.111681982068786,0.9423076923076923
2024-09-19 08:00:00,232.0,10.0,169,177,168,72911.9736281507,79216.73571550236,72852.91604527103,78996.56050732612,1.0864708740364895,1.0843294242091477,0.9940828402366864
2024-09-19 08:00:00,232.0,20.0,203,197,196,113562.7545239445,122472.73271855229,113273.45039346197,122460.41267942381,1.078458630489886,1.0811042857267117,0.9655172413793104
2024-09-19 08:00:00,232.0,30.0,338,338,330,120739.36201527476,131399.1630294043,120516.98229117873,131299.3341400599,1.0882877036635408,1.0894674895097367,0.9763313609467456
2024-09-19 08:00:00,232.0,40.0,391,391,384,175527.39533873426,190233.5954499015,175371.9844398942,190092.83418742905,1.0837829336143632,1.0839407149012457,0.9820971867007673
2024-09-19 08:00:00,232.0,50.0,359,378,352,102726.7374507746,111004.18185066697,102576.47931881426,110526.376449287,1.0805773122490026,1.0775021445780366,0.9805013927576601
2024-09-19 08:00:00,232.0,60.0,362,368,352,132237.76733005524,144785.68394958368,132065.92151829688,144405.51110960176,1.0948890538072213,1.0934350773420023,0.9723756906077348
2024-09-19 08:00:00,232.0,70.0,414,421,407,294550.2961064875,322164.2299340545,294404.0246770295,321874.66504159605,1.0937494689110203,1.0933093234533824,0.9830917874396136
2024-09-19 08:00:00,232.0,80.0,510,515,499,344006.366270366,373410.01268006186,343762.8388490478,373113.1777774793,1.0854741344716468,1.085379615279823,0.9784313725490196
2024-09-19 08:00:00,232.0,90.0,440,439,425,311969.71999686526,337778.23090669315,311216.14851494425,337568.653886974,1.0827276150713834,1.0846758932586826,0.9659090909090909
2024-09-19 08:00:00,232.0,100.0,454,452,445,432766.6733957866,469740.3581148879,432414.3526107436,469644.0569222355,1.0854356099765727,1.0860972909125564,0.9801762114537445
2024-09-19 08:00:00,232.0,110.0,436,437,425,365153.44034055737,401707.2263465701,364933.1635033834,401385.69408971263,1.1001052762146268,1.0998882377155927,0.9747706422018348
2024-09-19 08:00:00,232.0,120.0,287,292,280,143478.29794117538,157476.2683815445,143383.11693008975,157204.93866222954,1.0975615869523916,1.0963978327997919,0.975609756097561
2024-09-19 08:00:00,232.0,130.0,210,219,204,72973.34655007854,79399.1029574215,72767.61240740107,79187.44730106366,1.0880562110843202,1.088223794642596,0.9714285714285714
2024-09-19 08:00:00,232.0,140.0,134,148,130,24625.43235714848,26899.252450394364,24569.780248377683,26560.1520484976,1.0923362505993046,1.0810089378089305,0.9701492537313433
2024-09-19 08:00:00,232.0,150.0,100,106,98,24160.4320446263,26281.237138854416,24132.212274397698,26168.79295191531,1.0877800980674026,1.0843926223737994,0.98
2024-09-19 08:00:00,232.0,160.0,120,120,117,17150.193855770052,18571.166799874725,17090.44880446279,18538.78691956201,1.0828546287030218,1.0847454699212475,0.975
2024-09-19 08:00:00,232.0,170.0,124,128,119,16072.305855714665,18188.971079917283,16006.371589961089,18076.360943634085,1.1316964250932307,1.129322835099696,0.9596774193548387
2024-09-19 08:00:00,232.0,180.0,95,102,90,41336.782988020284,45220.983854108905,41258.65839523894,45009.938049833676,1.0939647593576474,1.0909210284701747,0.9473684210526315
2024-09-19 08:00:00,232.0,190.0,110,117,104,18959.180201993848,20348.00304977993,18867.33953984634,20101.0930651649,1.0732533175479828,1.0653909642487203,0.9454545454545454
2024-09-19 08:00:00,232.0,200.0,77,74,70,5483.378845459115,5586.778106937553,5329.188561598844,5537.8156410077745,1.018856851658912,1.039148001050715,0.9090909090909091
2024-09-19 08:00:00,232.0,210.0,75,81,72,34093.80709286397,36903.61067320659,34061.33559638977,36764.03435284928,1.0824138991779162,1.079347997051119,0.96
2024-09-19 08:00:00,232.0,220.0,50,51,48,21652.22201283162,23789.008524536894,21607.798628205044,23753.24027843835,1.0986867080172633,1.0992901538536564,0.96
2024-09-19 08:00:00,232.0,230.0,59,60,56,14947.771507477297,16016.424945473293,14894.199594063146,15919.700844505609,1.0714924922060405,1.0688523907556087,0.9491525423728814
2024-09-19 08:00:00,232.0,240.0,45,48,42,9655.438146103208,10359.801370593388,9520.772553603467,10293.661640234153,1.0729498976464833,1.0811792406844296,0.9333333333333333
2024-09-19 08:00:00,232.0,250.0,17,22,16,3305.4565490008868,3679.260009910273,3230.8870973832795,3600.0475652994614,1.1130867870649737,1.1142597858696974,0.9411764705882353
2024-09-19 08:00:00,232.0,260.0,5,9,5,80.56990469382265,137.2993615079339,80.56990469382265,89.83412814125771,1.704102319962912,1.1149836714172674,1.0
2024-09-20 08:00:00,256.0,0.0,52,53,49,27826.624603681477,31483.126461995944,27546.268358271147,31386.86437439062,1.1314029966045795,1.1394234589661318,0.9423076923076923
2024-09-20 08:00:00,256.0,10.0,171,174,166,72619.08422287034,80612.87957496279,72544.53410895553,80473.06804579069,1.110078437887749,1.1092919547174593,0.9707602339181286
2024-09-20 08:00:00,256.0,20.0,205,208,201,113911.49172360776,125591.7849615228,113705.60264497448,125447.58258198228,1.1025383221760965,1.1032665028272182,0.9804878048780488
2024-09-20 08:00:00,256.0,30.0,340,345,334,121534.14000307312,134597.89489025215,121323.34903618184,134364.11213463335,1.1074904128736889,1.1074876617077427,0.9823529411764705
2024-09-20 08:00:00,256.0,40.0,392,396,387,177027.583627403,195141.2928796222,176825.61042246653,194988.67001983477,1.102321394672278,1.1027173583847587,0.9872448979591837
2024-09-20 08:00:00,256.0,50.0,361,379,352,104055.38388301981,114292.49060217578,103772.17275946184,113784.86926034659,1.0983813267237055,1.0964872974578033,0.9750692520775623
2024-09-20 08:00:00,256.0,60.0,360,373,349,133306.47310689505,148980.18096691187,133044.44634675205,148489.5690053624,1.1175764949347093,1.1160899465007048,0.9694444444444444
2024-09-20 08:00:00,256.0,70.0,412,432,405,293511.3384091295,325226.78715865087,293406.93447986746,324723.08171056135,1.1080552762336997,1.1067328121818563,0.9830097087378641
2024-09-20 08:00:00,256.0,80.0,505,515,495,344776.042360975,381031.8941657026,344644.48702761566,380591.1587063656,1.1051576889056818,1.1043007302648935,0.9801980198019802
2024-09-20 08:00:00,256.0,90.0,443,446,428,312197.2131376082,343134.5714321034,311850.9272112464,342725.7411867777,1.0990955620121403,1.0990050414524402,0.9661399548532731
2024-09-20 08:00:00,256.0,100.0,448,449,437,430854.1623692899,473490.45284192706,430512.5624921074,473301.9991678968,1.0989575921424966,1.099391842198737,0.9754464285714286
2024-09-20 08:00:00,256.0,110.0,442,439,429,364513.2745012688,406758.67890389275,364154.61397935404,406635.22330894,1.1158953798333533,1.116655419700365,0.9705882352941176
2024-09-20 08:00:00,256.0,120.0,285,300,281,144040.65844350087,160031.54191522964,143703.2520583793,159739.8762087163,1.111016456357016,1.1115954156961052,0.9859649122807017
2024-09-20 08:00:00,256.0,130.0,202,213,195,72822.9243151629,80722.3296390621,72613.94596559898,80301.86405542231,1.1084741569799115,1.1058738509192918,0.9653465346534653
2024-09-20 08:00:00,256.0,140.0,132,146,128,24713.369778482644,27632.841254904844,24654.595118580663,27236.14618075795,1.1181332818061953,1.1047087185881925,0.9696969696969697
2024-09-20 08:00:00,256.0,150.0,105,109,100,24117.52969193488,26649.266174578213,24035.33132464445,26547.289505887635,1.1049749503776902,1.1045110694466511,0.9523809523809523
2024-09-20 08:00:00,256.0,160.0,121,129,119,17341.239094067532,19343.261263749904,17301.606461801206,19221.304137667335,1.1154486227208105,1.1109548804097742,0.9834710743801653
2024-09-20 08:00:00,256.0,170.0,121,123,120,16209.327216671769,18385.742258568946,16197.033182172,18342.022911248325,1.1342693014216327,1.1324310264078057,0.9917355371900827
2024-09-20 08:00:00,256.0,180.0,97,98,90,41436.64162397675,45740.102173921834,41286.97904652625,45540.32302817838,1.103856402963288,1.1030190166458786,0.9278350515463918
2024-09-20 08:00:00,256.0,190.0,109,109,100,19148.915749010317,20589.10954557064,18803.48909943131,20450.49211119909,1.0752102006942486,1.0875902872631014,0.9174311926605505
2024-09-20 08:00:00,256.0,200.0,78,77,70,5604.4009541633495,5858.293342784574,5504.432171973902,5770.0085867214475,1.0453023241373576,1.0482477404480959,0.8974358974358975
2024-09-20 08:00:00,256.0,210.0,77,82,74,34582.163964222316,38883.48520261242,34464.23258593015,38776.35038767425,1.1243797595442588,1.1251186368648318,0.961038961038961
2024-09-20 08:00:00,256.0,220.0,47,49,46,21660.062515906953,23880.424735632616,21645.850367507086,23845.65290406041,1.1025095019044866,1.1016269861984946,0.9787234042553191
2024-09-20 08:00:00,256.0,230.0,60,64,58,14993.025179755421,16394.980764434815,14878.279371052884,16314.005826138125,1.0935071853659266,1.0964981513842647,0.9666666666666667
2024-09-20 08:00:00,256.0,240.0,45,46,42,9542.708704785222,10716.8981108091,9455.066911267844,10671.658041521932,1.1230457139947148,1.128670811287887,0.9333333333333333
2024-09-20 08:00:00,256.0,250.0,17,21,17,3243.371242404123,3759.4388539613856,3243.371242404123,3690.4412182734695,1.1591145672164038,1.1378411357985523,1.0
2024-09-20 08:00:00,256.0,260.0,5,6,5,73.49416768156445,83.94567347075927,73.49416768156445,73.1381480282874,1.1422086421126518,0.9951558108009385,1.0
2024-09-21 08:00:00,280.0,0.0,51,55,50,27969.50249438608,31713.008662532287,27952.742169523102,31628.220287579796,1.1338424295854954,1.131489000104758,0.9803921568627451
2024-09-21 08:00:00,280.0,10.0,177,173,168,74309.47711699168,83254.64988507982,74027.74506953945,83185.02085366753,1.1203772804645766,1.1237005905762227,0.9491525423728814
2024-09-21 08:00:00,280.0,20.0,216,208,200,117979.5443261091,129655.79544694048,117627.49791537027,129485.60677571845,1.0989684371771844,1.1008106868759528,0.9259259259259259
2024-09-21 08:00:00,280.0,30.0,351,348,339,122605.2315227866,135219.17686725323,122366.89306191905,135068.6734064531,1.102882602869375,1.1038007914289922,0.9658119658119658
2024-09-21 08:00:00,280.0,40.0,396,399,390,182160.07201891413,203932.97280121763,182039.4434987004,203810.24534060087,1.1195261977061735,1.1195938716548313,0.9848484848484849
2024-09-21 08:00:00,280.0,50.0,366,381,352,109379.402796601,121023.90822862992,108899.26555017926,120433.73433155504,1.1064597642179737,1.1059187013163174,0.9617486338797814
2024-09-21 08:00:00,280.0,60.0,368,372,356,134350.571280503,150022.65530875372,133969.96790803023,149717.43897774472,1.1166506690584133,1.1175447849664715,0.967391304347826
2024-09-21 08:00:00,280.0,70.0,426,439,416,290101.1509865083,322564.521476979,289910.3622286401,322158.7060323473,1.1119036252702785,1.1112355679728145,0.9765258215962441
2024-09-21 08:00:00,280.0,80.0,501,515,485,348183.80496096116,387276.98110772215,347710.95498447487,386614.1412959079,1.112277410924222,1.1118836946427817,0.9680638722554891
2024-09-21 08:00:00,280.0,90.0,453,457,438,319017.83312367444,352669.03715054586,318567.89910638856,352445.83510269236,1.1054837709145424,1.10634447504389,0.9668874172185431
2024-09-21 08:00:00,280.0,100.0,444,441,431,434900.9219858543,481329.87333599856,434166.90355220134,481188.5620577637,1.1067575371837324,1.108303185067419,0.9707207207207207
2024-09-21 08:00:00,280.0,110.0,431,436,426,346858.30993841647,387933.6929837982,346728.45671961724,387767.243190229,1.118421216584589,1.118360018265815,0.988399071925754
2024-09-21 08:00:00,280.0,120.0,287,298,280,142830.45001439005,159494.0359472757,142689.20042832947,159072.6644318345,1.1166669007288488,1.1148192291660797,0.975609756097561
2024-09-21 08:00:00,280.0,130.0,196,205,184,69989.45864380161,78358.11998143095,69523.42849978156,77909.29060235491,1.1195703110124067,1.1206192255406349,0.9387755102040817
2024-09-21 08:00:00,280.0,140.0,128,149,124,25133.48535062748,28350.88722521311,25031.028394467015,27891.362513820957,1.1280125629096367,1.114271538279514,0.96875
2024-09-21 08:00:00,280.0,150.0,102,106,99,23001.351042047423,25668.82033024416,22950.673343936094,25561.35728579697,1.1159701133781443,1.1137519541469425,0.9705882352941176
2024-09-21 08:00:00,280.0,160.0,123,123,117,17721.999551503934,19499.85703302955,17632.502356857603,19406.022468184827,1.1003192374742354,1.1005824400549402,0.9512195121951219
2024-09-21 08:00:00,280.0,170.0,123,121,120,16318.292544158849,18310.959425736237,16283.459871988032,18300.04826746212,1.1221124622067562,1.1238427466476684,0.975609756097561
2024-09-21 08:00:00,280.0,180.0,98,101,94,44296.691197861015,49090.424134713416,44242.90636682054,49002.214434081776,1.1082187587203778,1.1075722292699655,0.9591836734693877
2024-09-21 08:00:00,280.0,190.0,94,95,86,19419.969989558394,21154.669546772853,19181.18499743984,20979.081071168144,1.0893255529306771,1.0937322732650916,0.9148936170212766
2024-09-21 08:00:00,280.0,200.0,74,71,68,6153.817878748025,6413.871795887466,5880.589131511925,6372.249338438978,1.0422589557025286,1.0836073046308279,0.918918918918919
2024-09-21 08:00:00,280.0,210.0,70,73,68,36995.5690250066,42417.44859457613,36945.31106339399,42363.64291892798,1.1465548364968976,1.1466581739219017,0.9714285714285714
2024-09-21 08:00:00,280.0,220.0,48,50,45,21239.987114149277,23980.235260728066,21192.14991370062,23915.036940334092,1.1290136444929075,1.1284856438691544,0.9375
2024-09-21 08:00:00,280.0,230.0,56,53,49,14982.487577128544,16376.012358047927,14777.493454370511,16325.630176641525,1.093010241039456,1.1047631472178487,0.875
2024-09-21 08:00:00,280.0,240.0,43,44,38,9114.122936782373,10435.767368069368,8965.870523496975,10319.826924984063,1.145010599533737,1.151012263442658,0.8837209302325582
2024-09-21 08:00:00,280.0,250.0,18,19,17,3204.327027576436,4016.792440575358,3185.2953087948413,3974.9423993729747,1.2535525887360575,1.2479038877173674,0.9444444444444444
2024-09-21 08:00:00,280.0,260.0,4,5,3,101.90359198000898,157.1714781068584,91.13885873902366,134.58540646887,1.5423546418039085,1.4767071733282904,0.75
2024-09-22 08:00:00,304.0,0.0,54,57,53,28376.45243452247,32048.789733749807,28324.94925112281,31978.774900886267,1.1294149544486263,1.1289967236082028,0.9814814814814815
2024-09-22 08:00:00,304.0,10.0,174,174,167,76629.27875720957,85597.89870919634,76480.74043058895,85446.23011062836,1.117039075630644,1.1172254561025876,0.9597701149425287
2024-09-22 08:00:00,304.0,20.0,214,211,203,121109.73159640914,133589.48088728567,120863.23738947476,133381.7753607119,1.103044975216893,1.103576060360661,0.9485981308411215
2024-09-22 08:00:00,304.0,30.0,345,343,335,126326.6594536324,139502.84088306213,126020.96851288089,139353.12144754687,1.1043024606715417,1.1057931318255443,0.9710144927536232
2024-09-22 08:00:00,304.0,40.0,401,400,395,187360.62496596435,208266.76176629442,187268.7888403076,208005.77187610487,1.1115823391607913,1.1107337915955693,0.9850374064837906
2024-09-22 08:00:00,304.0,50.0,366,379,352,112655.24904129133,125240.21100426507,112236.01499642275,124651.12738894598,1.1117121667216856,1.1106161190141948,0.9617486338797814
2024-09-22 08:00:00,304.0,60.0,368,371,356,134085.60595803676,149617.7376726907,133757.83448673604,149285.66519697255,1.1158374279153787,1.1160891305531437,0.967391304347826
2024-09-22 08:00:00,304.0,70.0,432,436,419,293535.3740274197,326089.99658151204,293296.9803546453,325863.36025795713,1.110905279004129,1.11103551036882,0.9699074074074074
2024-09-22 08:00:00,304.0,80.0,505,513,490,352974.5607244769,391863.00501376635,352597.3733289101,391384.88683501503,1.1101735043156404,1.1100051118926604,0.9702970297029703
2024-09-22 08:00:00,304.0,90.0,448,455,435,323732.4033584881,357779.97814445075,323072.80203673785,357159.35383432906,1.105171970531043,1.1055073394686907,0.9709821428571429
2024-09-22 08:00:00,304.0,100.0,440,445,429,445121.0928022473,496551.7215041822,444778.04503172566,496198.5911463344,1.1155430051138553,1.1156094521503213,0.975
2024-09-22 08:00:00,304.0,110.0,431,433,425,348068.0353692968,393936.1626948844,347962.3900130932,393821.7273777944,1.1317792002271108,1.1317939486591513,0.9860788863109049
2024-09-22 08:00:00,304.0,120.0,286,298,281,144427.7437762898,160660.71897833148,144215.72892966907,160242.08167965364,1.112395131140355,1.1111276340585587,0.9825174825174825
2024-09-22 08:00:00,304.0,130.0,197,204,186,69946.54039519411,78265.55542080397,69570.42781167942,77823.49242962766,1.1189339026434744,1.1186289186015719,0.9441624365482234
2024-09-22 08:00:00,304.0,140.0,127,131,117,25263.36500404474,28111.752173871202,25066.039592781686,27907.56482132605,1.1127477344910477,1.113361555104327,0.9212598425196851
2024-09-22 08:00:00,304.0,150.0,101,106,97,22634.238088785085,25008.775800560154,22443.869451360388,24899.036438222483,1.1049091072763617,1.109391430572293,0.9603960396039604
2024-09-22 08:00:00,304.0,160.0,122,118,116,17889.39210013547,19796.168420774877,17789.42621171274,19757.12015627189,1.1065869823841006,1.1106103098065974,0.9508196721311475
2024-09-22 08:00:00,304.0,170.0,116,120,113,16305.557250707476,18180.43556518363,16262.676095660243,18049.339024128883,1.1149840073325188,1.1098627875239684,0.9741379310344828
2024-09-22 08:00:00,304.0,180.0,97,102,94,46273.735837013555,51755.13967872175,46219.33432549588,51620.62618862611,1.118456047314073,1.1168621734162607,0.9690721649484536
2024-09-22 08:00:00,304.0,190.0,82,87,78,19526.49805791797,21456.685845683478,19479.245944807844,21261.293974772438,1.0988496648011505,1.0914844463186006,0.9512195121951219
2024-09-22 08:00:00,304.0,200.0,72,71,66,6121.109203996881,6665.625286774242,6030.741507979088,6607.040982821533,1.0889570933356019,1.095560301180205,0.9166666666666666
2024-09-22 08:00:00,304.0,210.0,66,72,66,38434.741625568226,43882.90357805646,38434.741625568226,43618.821437953135,1.1417509711803009,1.1348800484438866,1.0
2024-09-22 08:00:00,304.0,220.0,46,46,43,21463.545041740766,24125.115527882033,21424.5036154419,24089.439437379886,1.1240042351328838,1.124387284287754,0.9347826086956522
2024-09-22 08:00:00,304.0,230.0,53,55,51,14887.28419505349,16636.18822252362,14849.09845927827,16562.361306015224,1.1174763646986217,1.1153782400618701,0.9622641509433962
2024-09-22 08:00:00,304.0,240.0,45,41,39,9161.93038714798,10485.609739564065,8994.534933677942,10416.435307241734,1.144476032504339,1.15808492423992,0.8666666666666667
2024-09-22 08:00:00,304.0,250.0,21,20,20,3352.1113867224617,4042.271248553409,3315.505508489267,4042.271248553409,1.2058881051997956,1.2192020909641914,0.9523809523809523
2024-09-22 08:00:00,304.0,260.0,4,7,4,76.30102211701191,144.54953797053827,76.30102211701191,108.16195856046885,1.8944639791176507,1.4175689336716406,1.0
2024-09-22 08:00:00,304.0,280.0,1,1,1,10.063665174627888,12.502263457469342,10.063665174627888,12.502263457469342,1.2423171121580585,1.2423171121580585,1.0
2024-09-23 08:00:00,328.0,0.0,53,57,51,27975.858184608493,31360.08253604244,27855.886813513924,31259.80202693871,1.1209694562040584,1.1221973378989112,0.9622641509433962
2024-09-23 08:00:00,328.0,10.0,171,174,165,73769.28100000041,82315.46868443351,73563.17602125919,82090.33735093259,1.115850223407126,1.1159161660884396,0.9649122807017544
2024-09-23 08:00:00,328.0,20.0,206,197,194,114858.90906893185,126865.7419398165,114592.89049687615,126639.12073178441,1.1045354946186963,1.1051219685852731,0.941747572815534
2024-09-23 08:00:00,328.0,30.0,342,338,332,121971.70698809318,136133.14421799884,121766.90601221591,136017.93738725042,1.1161042800793801,1.1170353410606064,0.9707602339181286
2024-09-23 08:00:00,328.0,40.0,391,395,385,177819.779613476,196646.3398910528,177606.5338051046,196431.17912012845,1.1058743876440504,1.1059907251817713,0.9846547314578005
2024-09-23 08:00:00,328.0,50.0,361,366,345,104286.93457190093,114944.44921269042,103750.3734800097,114435.81130590217,1.1021941500585737,1.1029918010651913,0.9556786703601108
2024-09-23 08:00:00,328.0,60.0,363,359,349,132988.08164498932,149168.20573857898,132568.33102561432,148946.9920781622,1.1216659710663575,1.123548821395234,0.9614325068870524
2024-09-23 08:00:00,328.0,70.0,414,429,409,295670.2335489816,331205.19762343017,295604.80481557874,330866.75529647147,1.1201844488973955,1.1192874740412013,0.9879227053140096
2024-09-23 08:00:00,328.0,80.0,511,504,491,346543.7302707902,384638.9546262446,346108.476384431,384372.0036979654,1.10992905376094,1.1105535689655697,0.9608610567514677
2024-09-23 08:00:00,328.0,90.0,443,442,425,314069.15017963154,347130.82019860647,313358.2745950528,346859.93295061175,1.1052687600805915,1.1069116760961635,0.9593679458239278
2024-09-23 08:00:00,328.0,100.0,449,453,442,436500.56670100713,481977.9160008876,436255.5395064163,481803.96917359304,1.1041862319758027,1.1044076820633857,0.9844097995545658
2024-09-23 08:00:00,328.0,110.0,433,442,427,365223.7728195658,410129.05014881835,365134.3650905097,409787.5262111746,1.1229527776425372,1.1222924090138606,0.9861431870669746
2024-09-23 08:00:00,328.0,120.0,289,290,280,144249.5507756957,161395.09548826108,143823.81418421463,161147.7195610779,1.1188602988388245,1.1204522733257107,0.9688581314878892
2024-09-23 08:00:00,328.0,130.0,210,221,205,73785.63948530999,81624.97752170544,73621.7406748065,81370.9661132909,1.1062447664759507,1.1052572971985732,0.9761904761904762
2024-09-23 08:00:00,328.0,140.0,134,151,128,24675.81471305956,27719.61847576795,24580.731148773666,27333.16548908008,1.1233517027949425,1.111975283552285,0.9552238805970149
2024-09-23 08:00:00,328.0,150.0,100,114,100,24073.21295773805,27239.82823078174,24073.21295773805,27027.47584513244,1.131541031876504,1.122719924946486,1.0
2024-09-23 08:00:00,328.0,160.0,119,122,117,17231.355935512565,19199.484008023708,17175.131111945506,19143.413170211305,1.1142178293964071,1.1146007005965057,0.9831932773109243
2024-09-23 08:00:00,328.0,170.0,121,125,118,16179.491054959883,18230.61433939576,16112.374034649827,18097.922471457572,1.1267730410968086,1.1232312775595825,0.9752066115702479
2024-09-23 08:00:00,328.0,180.0,94,106,89,41908.32353549897,46654.9444017333,41756.38586824984,46362.4257398403,1.11326200777785,1.1103074362355851,0.9468085106382979
2024-09-23 08:00:00,328.0,190.0,109,117,103,18955.185837525874,20818.375392319296,18665.209719728417,20515.185975652385,1.0982944493799072,1.0991136067423135,0.944954128440367
2024-09-23 08:00:00,328.0,200.0,78,80,73,5566.576690658902,5729.719442911905,5468.318152441237,5640.175898135928,1.02930755495146,1.0314278981039113,0.9358974358974359
2024-09-23 08:00:00,328.0,210.0,77,85,73,34686.43645332148,38230.445150861524,34572.91460096449,38074.097243596385,1.1021727528081275,1.1012695250904365,0.948051948051948
2024-09-23 08:00:00,328.0,220.0,48,51,48,21736.946389602635,24156.59837191744,21736.946389602635,24082.48809804188,1.1113151745855245,1.1079057594566815,1.0
2024-09-23 08:00:00,328.0,230.0,59,59,54,14866.46932389084,16412.376421574674,14772.588321127212,16323.008941228205,1.1039861626862215,1.1049525368471576,0.9152542372881356
2024-09-23 08:00:00,328.0,240.0,47,45,42,9665.73112705041,10907.405731342413,9511.55893898652,10869.014607706853,1.1284615294974496,1.1427164229783948,0.8936170212765957
2024-09-23 08:00:00,328.0,250.0,19,24,18,3317.308769594474,4062.451365040366,3292.54707981763,3983.5420993880302,1.224622622493167,1.2098664051931107,0.9473684210526315
2024-09-23 08:00:00,328.0,260.0,4,9,3,67.61508199620411,128.23643757628415,53.61220579056449,63.86139612891586,1.8965655855225214,1.1911727038128168,0.75
